,MOVIE_ID,TITLE,TMDB_ID,title,director,production_companies,genres,popularity,rating,actors,overview
0,1,12 Angry Men,389,12 Angry Men,['Sidney Lumet'],"['United Artists', 'Orion-Nova Productions']",['Drama'],70.722,8.545,"['Lee J. Cobb', 'Henry Fonda', 'Martin Balsam', 'Jack Warden', 'John Fiedler', 'E.G. Marshall', 'Ed Begley', 'Robert Webber', 'Edward Binns', 'Jack Klugman']","['jury', 'father', 'defense', 'prosecution', 'rested', 'filing', 'room', 'decide', 'young', 'Spanish-American']"
1,2,2001: A Space Odyssey,62,2001: A Space Odyssey,['Stanley Kubrick'],"['Kubrick Productions', 'Metro-Goldwyn-Mayer']","['Science Fiction', 'Mystery', 'Adventure']",77.925,8.073,"['Stanley Kubrick', 'Keir Dullea', 'Gary Lockwood', 'Leonard Rossiter', 'Ed Bishop', 'Harry Fielder', 'Margaret Tyzack', 'Edwina Carroll', 'William Sylvester', 'Vivian Kubrick']","['HAL', 'Humanity', 'computer', 'mysterious', 'object', 'buried', 'beneath', 'lunar', 'surface', 'sets']"
2,3,3 Idiots,20453,3 Idiots,['Rajkumar Hirani'],"['Vidhu Vinod Chopra Productions', 'Vinod Chopra Films']","['Drama', 'Comedy']",30.586,8.0,"['Kareena Kapoor Khan', 'Aamir Khan', 'Ali Fazal', 'Javed Jaffrey', 'R. Madhavan', 'Boman Irani', 'Sharman Joshi', 'Parikshat Sahni', 'Mona Singh', 'Omi Vaidya']","['Rascal', 'Rancho', 'Virus', 'dean', 'Joker', 'India', 'Dreamer', 'Genius', 'idiots', 'university']"
3,4,A Beautiful Mind,453,A Beautiful Mind,['Ron Howard'],"['Universal Pictures', 'DreamWorks Pictures', 'Imagine Entertainment']","['Drama', 'Romance']",49.376,7.9,"['Russell Crowe', 'Jennifer Connelly', 'Bryce Dallas Howard', 'Ed Harris', 'Paul Bettany', 'Adam Goldberg', 'Jason Gray-Stanford', 'Josh Lucas', 'Christopher Plummer', 'Judd Hirsch']","['John', 'Nash', 'Brilliant', 'mathematician', 'conspiracy', 'brink', 'international', 'acclaim', 'entangled', 'mysterious']"
4,5,A Clockwork Orange,185,A Clockwork Orange,['Stanley Kubrick'],"['Warner Bros. Pictures', 'Hawk Films', 'Kubrick Productions', 'Polaris Productions Limited']","['Science Fiction', 'Crime']",63.517,8.2,"['Malcolm McDowell', 'Gillian Hills', 'Adrienne Corri', 'Steven Berkoff', 'Warren Clarke', 'Patrick Magee', 'Virginia Wetherell', 'James Marcus', 'Michael Bates', 'Aubrey Morris']","['Britain', 'Alexander', 'Alex', 'young', 'near-future', 'DeLarge', 'pals', 'kicks', 'beating', 'raping']"
5,6,A Streetcar Named Desire,702,A Streetcar Named Desire,['Elia Kazan'],"['Charles K. Feldman Group', 'Warner Bros. Pictures']","['Drama', 'Thriller']",30.004,7.6,"['Marlon Brando', 'Kim Hunter', 'Karl Malden', 'Vivien Leigh', 'Wright King', 'Mickey Kuhn', 'Peg Hillias', 'Richard Garrick', 'Nick Dennis', ""William H. O'Brien""]","['Orleans', 'ferocious', 'sanity', 'fading', 'southern', 'belle', 'moves', 'sister', 'stabs']"
6,7,Alien,348,Alien,['Ridley Scott'],"['20th Century Fox', 'Brandywine Productions']","['Horror', 'Science Fiction']",150.935,8.157,"['Sigourney Weaver', 'John Hurt', 'Tom Skerritt', 'Harry Dean Stanton', 'Veronica Cartwright', 'Ian Holm', 'Helen Horton', 'Yaphet Kotto', 'Bolaji Badejo']","['Nostromo', 'planet', 'earth', 'commercial', 'return', 'spaceship', 'intercepts', 'distress', 'signal', 'distant']"
7,8,All About Eve,705,All About Eve,['Joseph L. Mankiewicz'],['20th Century Fox'],['Drama'],22.181,8.1,"['Bette Davis', 'Anne Baxter', 'Marilyn Monroe', 'Gary Merrill', 'George Sanders', 'Celeste Holm', 'Harold Miller', 'Barbara Bates', 'Claude Stroud', 'Thelma Ritter']","['Margo', 'Channing', 'Harrington', 'Eve', 'door', 'moment', 'glimpses', 'idol', 'stage', 'determined']"
8,9,All Quiet on the Western Front,143,All Quiet on the Western Front,['Lewis Milestone'],['Universal Pictures'],"['Drama', 'War']",30.527,7.758,"['Heinie Conklin', 'Slim Summerville', 'Tom London', 'Lew Ayres', 'Ernie Adams', 'Beryl Mercer', 'Richard Alexander', 'Ben Alexander', 'Fred Zinnemann', 'Edmund Breese']","['War', 'Front', 'German', 'Army', 'Great', 'Western', 'combat', 'group', 'idealistic', 'young']"
9,10,Amadeus,279,Amadeus,['Miloš Forman'],['The Saul Zaentz Company'],"['History', 'Music', 'Drama']",34.542,8.031,"['Jeffrey Jones', 'Tom Hulce', 'Cynthia Nixon', 'F. Murray Abraham', 'Brian Pettifer', 'Vincent Schiavelli', 'Simon Callow', 'Elizabeth Berridge', 'Roy Dotrice', 'Christine Ebersole']","['Mozart', 'Italian', 'Antonio', 'Salieri', 'Viennese', 'Wolfgang', 'Amadeus', 'Disciplined', 'composer', 'consumed']"
10,11,American Beauty,14,American Beauty,['Sam Mendes'],"['DreamWorks Pictures', 'Jinks/Cohen Company']",['Drama'],61.239,8.0,"['Mena Suvari', 'Allison Janney', 'Thora Birch', 'Annette Bening', 'Peter Gallagher', 'Kevin Spacey', 'Wes Bentley', 'Chris Cooper', 'John Cho', 'Scott Bakula']","['Burnham', 'Lester', 'crisis', 'decides', 'friend', 'depressed', 'suburban', 'father', 'mid-life', 'turn']"
11,12,American History X,73,American History X,['Tony Kaye'],"['New Line Cinema', 'Savoy Pictures', 'The Turman-Morrissey Company']",['Drama'],46.55,8.344,"[""Beverly D'Angelo"", 'Edward Norton', 'Stacy Keach', 'Elliott Gould', 'Christopher Masterson', 'Ethan Suplee', 'Edward Furlong', 'Fairuza Balk', 'Avery Brooks', 'Paul Le Mat']","['Derek', 'Vineyard', 'Danny', 'serving', 'years', 'men', 'prison', 'paroled', 'killing', 'African-American']"
12,13,Amores perros,55,Amores Perros,['Alejandro González Iñárritu'],"['Altavista Films', 'Zeta Film']","['Drama', 'Thriller']",32.55,7.6,"['Gael García Bernal', 'Adriana Barraza', 'Humberto Busto', 'Goya Toledo', 'Dagoberto Gama', 'Rosa María Bianchi', 'Vanessa Bauche', 'Jorge Salinas', 'Roberto Medina', 'Álvaro Guerrero']","['man', 'Mexico', 'people', 'supermodel', 'lives', 'fatalistic', 'car', 'crash', 'city', 'sets']"
13,14,Anatomy of a Murder,93,Anatomy of a Murder,['Otto Preminger'],"['Columbia Pictures', 'Otto Preminger Films']","['Crime', 'Drama', 'Mystery']",22.47,7.8,"['James Stewart', 'George C. Scott', 'Murray Hamilton', 'Lee Remick', 'Orson Bean', 'Kathryn Grant', 'Eve Arden', 'Ben Gazzara', 'Joseph Kearns', 'Howard McNear']","['Michigan', 'Paul', 'Army', 'Semi-retired', 'Biegler', 'lawyer', 'case', 'Manion', 'District', 'Attorney']"
14,15,Annie Hall,703,Annie Hall,['Woody Allen'],"['United Artists', 'Rollins-Joffe Productions']","['Comedy', 'Drama', 'Romance']",32.678,7.7,"['Jeff Goldblum', 'Diane Keaton', 'Carol Kane', 'Sigourney Weaver', 'Christopher Walken', ""Beverly D'Angelo"", 'Shelley Duvall', 'Woody Allen', 'Tony Roberts', 'Janet Margolin']","['Hall', 'York', 'Alvy', 'Singer', 'Annie', 'comedian', 'falls', 'love', 'ditsy']"
15,16,Apocalypse Now,28,Apocalypse Now,['Francis Ford Coppola'],"['United Artists', 'American Zoetrope']","['Drama', 'War']",65.041,8.3,"['Harrison Ford', 'Colleen Camp', 'Laurence Fishburne', 'Francis Ford Coppola', 'Marlon Brando', 'Scott Glenn', 'Robert Duvall', 'Martin Sheen', 'Dennis Hopper', 'Jack Thibeau']","['officially', 'Captain', 'exist', 'Vietnam', 'Benjamin', 'Willard', 'war', 'Kurtz', 'height', 'dangerous']"
16,17,Arsenic and Old Lace,212,Arsenic and Old Lace,['Frank Capra'],['Warner Bros. Pictures'],"['Comedy', 'Crime']",21.03,7.6,"['Peter Lorre', 'Charles Lane', 'Cary Grant', 'Edward Everett Horton', 'Priscilla Lane', 'James Gleason', 'Jack Carson', 'Lee Phelps', 'Raymond Massey', 'Spencer Charters']","['playwright', 'Brewster', 'Mortimer', 'critic', 'marriage', 'suddenly', 'married', 'aunts', 'hobby', 'killing']"
17,18,Back to the Future,105,Back to the Future,['Robert Zemeckis'],"['Universal Pictures', 'Amblin Entertainment']","['Adventure', 'Comedy', 'Science Fiction']",93.368,8.3,"['Christopher Lloyd', 'Crispin Glover', 'Billy Zane', 'Lea Thompson', 'Thomas F. Wilson', 'James Tolkan', 'Huey Lewis', 'Casey Siemaszko', 'Michael J. Fox', 'Jason Hervey']","['Marty', 'Eighties', 'inadvertently', 'interest', ""parents'"", 'teenager', 'McFly', 'accidentally', 'back', 'time']"
18,19,Barry Lyndon,3175,Barry Lyndon,['Stanley Kubrick'],"['Warner Bros. Pictures', 'Hawk Films', 'Peregrine']","['Drama', 'Romance', 'War', 'History']",37.881,8.0,"['Steven Berkoff', 'Patrick Magee', 'Barry Jackson', 'Hans Meyer', 'Michael Hordern', 'Marisa Berenson', 'Anthony Sharp', 'Wolf Kahler', ""Ryan O'Neal"", 'George Sewell']","['Barry', 'England', 'Lyndon', 'Irish', 'Redmond', 'century', 'transforming', 'rogue', 'cunning', 'wit']"
19,20,Batman Begins,272,Batman Begins,['Christopher Nolan'],"['Warner Bros. Pictures', 'DC', 'Syncopy', 'Legendary Pictures', 'Patalex III Productions Limited']","['Action', 'Crime', 'Drama']",99.208,7.709,"['Gary Oldman', 'Liam Neeson', 'Morgan Freeman', 'Cillian Murphy', 'Christian Bale', 'Michael Caine', 'Katie Holmes', '渡辺謙', 'Jack Gleeson', 'Rade Šerbedžija']","['Gotham', 'City', 'Bruce', 'Wayne', 'Driven', 'tragedy', 'billionaire', 'home', 'dedicates', 'life']"
20,21,Beauty and the Beast,10020,Beauty and the Beast,"['Gary Trousdale', 'Kirk Wise']","['Walt Disney Pictures', 'Silver Screen Partners IV', 'Walt Disney Feature Animation']","['Romance', 'Family', 'Animation', 'Fantasy']",150.485,7.7,"['Angela Lansbury', 'Frank Welker', 'Bradley Pierce', 'Jerry Orbach', 'Phil Proctor', 'David Ogden Stiers', 'Mickie McGowan', 'Hal Smith', 'Bill Farmer', 'Mary Kay Bergman']","['Belle', 'castle', 'Follow', 'beast', 'adventures', 'bright', 'young', 'woman', 'finds', 'prince']"
21,22,Before Sunrise,76,Before Sunrise,['Richard Linklater'],"['Castle Rock Entertainment', 'Detour Filmproduction', 'Filmhaus Films']","['Drama', 'Romance']",37.659,8.0,"['Ethan Hawke', 'Julie Delpy', 'Adam Goldberg', 'Richard Linklater', 'Haymon Maria Buttinger', 'Erni Mangold', 'Dominik Castell', 'Andrea Eckert', 'Hanno Pöschl', 'Hans Weingartner']","['Europe', 'Vienna', 'young', 'man', 'woman', 'meet', 'train', 'wind', 'spending', 'evening']"
22,23,Ben-Hur,665,Ben-Hur,['William Wyler'],['Metro-Goldwyn-Mayer'],"['History', 'Drama', 'Adventure', 'Action']",60.865,7.881,"['Charlton Heston', 'Jack Hawkins', 'Finlay Currie', 'John Le Mesurier', 'Giuliano Gemma', 'Marina Berti', 'Tutte Lemkow', 'Stephen Boyd', 'Martha Scott', 'Enzo Fiermonte']","['Judah', 'Judea', 'Roman', 'Jew', 'Ben-Hur', 'opposes', 'empire', 'ancient', 'occupying', 'Falsely']"
23,24,Black Swan,44214,Black Swan,['Darren Aronofsky'],"['Fox Searchlight Pictures', 'Cross Creek Pictures', 'Protozoa Pictures', 'Phoenix Pictures', 'Dune Entertainment']","['Drama', 'Thriller', 'Horror']",62.29,7.7,"['Mila Kunis', 'Winona Ryder', 'Sebastian Stan', 'Natalie Portman', 'Barbara Hershey', 'Mark Margolis', 'Vincent Cassel', 'Janet Montgomery', 'Ksenia Solo', 'Toby Hemingway']","['York', 'City', 'Nina', 'life', 'profession', 'dance', 'ballerina', 'story', 'ballet', 'company']"
24,25,Blade Runner,78,Blade Runner,['Ridley Scott'],"['Shaw Brothers', 'The Ladd Company', 'Warner Bros. Pictures']","['Science Fiction', 'Drama', 'Thriller']",78.944,7.9,"['Harrison Ford', 'Daryl Hannah', 'Edward James Olmos', 'James Hong', 'Joanna Cassidy', 'Sean Young', 'Rutger Hauer', 'M. Emmet Walsh', 'William Sanderson', 'Joe Turkel']","['Los', 'Angeles', 'Rick', 'Deckard', 'Earth', 'blade', 'spans', 'smog-choked', 'dystopian', 'runner']"
25,26,Braveheart,197,Braveheart,['Mel Gibson'],"['Icon Entertainment International', 'The Ladd Company', 'B.H. Finance C.V.']","['Action', 'Drama', 'History', 'War']",54.991,7.9,"['Mel Gibson', 'Sophie Marceau', 'Brendan Gleeson', 'Catherine McCormack', 'Tommy Flanagan', 'Brian Cox', 'Peter Mullan', 'Patrick McGoohan', 'James Cosmo', ""David O'Hara""]","['Murron', 'Scottish', 'William', 'Wallace', 'English', 'Enraged', 'love', 'soldiers', 'slaughter', 'bride']"
26,27,Butch Cassidy and the Sundance Kid,642,Butch Cassidy and the Sundance Kid,['George Roy Hill'],"['Campanile Productions', '20th Century Fox', 'George Roy Hill-Paul Monash Production', 'Newman-Foreman Company']","['Western', 'Adventure']",42.636,7.615,"['Sam Elliott', 'Robert Redford', 'Paul Newman', 'Katharine Ross', 'Strother Martin', 'Cloris Leachman', 'Ted Cassidy', 'Percy Helton', 'Don Keefer', 'Jeff Corey']","['Wyoming', 'Cassidy', 'Hole', 'Wall', 'Gang', 'Butch', 'Sundance', 'late', 'affable', 'clever']"
27,28,Casablanca,289,Casablanca,['Michael Curtiz'],['Warner Bros. Pictures'],"['Drama', 'Romance']",39.376,8.2,"['Humphrey Bogart', 'Peter Lorre', 'Ingrid Bergman', 'Claude Rains', 'Sebastian Cabot', 'Conrad Veidt', 'Marcel Dalio', 'Norma Varden', 'Gregory Gaye', 'Frank Puglia']","['Casablanca', 'Morocco', 'December', 'American', 'lover', 'complications', 'cynical', 'expatriate', 'meets', 'unforeseen']"
28,29,Casino,524,Casino,['Martin Scorsese'],"['Universal Pictures', 'Syalis DA', 'Légende Films', 'Cappa/De Fina Productions']","['Crime', 'Drama']",43.617,8.0,"['Robert De Niro', 'Sharon Stone', 'Joe Pesci', 'James Woods', 'L.Q. Jones', 'Frank Vincent', 'Don Rickles', 'Steve Schirripa', 'Kevin Pollak', 'Joseph Bono']","['Ace', 'Las', 'Vegas', 'Rothstein', 'Casino', 'Tangiers', 'Sam', 'tapped', 'bosses', 'head']"
29,30,Chinatown,829,Chinatown,['Roman Polanski'],"['Paramount Pictures', 'Long Road Productions', 'Robert Evans Company']","['Crime', 'Drama', 'Mystery', 'Thriller']",53.931,7.9,"['Jack Nicholson', 'James Hong', 'Faye Dunaway', 'Diane Ladd', 'Roman Polanski', 'John Hillerman', 'Roy Jenson', 'Richard Bakalyan', 'Noble Willingham', 'John Huston']","['California', 'Jake', 'War', 'Southern', 'Gittes', 'Private', 'sunbaked', 'pre-World', 'eye', 'lives']"
30,31,Cidade de Deus,598,City of God,['Fernando Meirelles'],"['O2 Filmes', 'VideoFilmes', 'Wild Bunch', 'Hank Levine Film & Music', 'Globo Filmes', 'Lumière']","['Drama', 'Crime']",64.157,8.4,"['Alice Braga', 'Matheus Nachtergaele', 'Michel Gomes', 'Micael Borges', 'Jonathan Haagensen', 'Phellipe Haagensen', 'Leandro Firmino', 'Douglas Silva', 'Sabrina Rosa', 'Darlan Cunha']","['Rio', 'Janeiro', 'paths', 'poverty-stricken', 'favelas', 'young', 'men', 'choose', 'José', 'Pequeno']"
31,32,Citizen Kane,15,Citizen Kane,['Orson Welles'],"['Mercury Productions', 'RKO Radio Pictures']","['Mystery', 'Drama']",47.858,8.008,"['Orson Welles', 'Ray Collins', 'Joseph Cotten', 'Agnes Moorehead', 'Milton Kibbee', 'George Coulouris', 'Alan Ladd', 'Everett Sloane', 'Paul Stewart', 'Walter Sande']","['Charles', 'Foster', 'Kane', 'Newspaper', 'industrialist', 'magnate', 'mother', 'boy', 'made', 'ward']"
32,33,City Lights,901,City Lights,['Charlie Chaplin'],['Charles Chaplin Productions'],"['Comedy', 'Drama', 'Romance']",23.035,8.281,"['Charlie Chaplin', 'Robert Graves', 'Jean Harlow', 'Henry Bergman', 'Eddie Baker', 'Jeanne Carpenter', 'Ray Erlenborn', 'Hank Mann', 'Tom Dempsey', 'Johnny Aber']","['girl', 'tramp', 'falls', 'love', 'beautiful', 'blind', 'flower', 'friendship', 'suitor', 'wealthy']"
33,34,Cool Hand Luke,903,Cool Hand Luke,['Stuart Rosenberg'],"['Warner Bros.-Seven Arts', 'Jalem Productions']","['Action', 'Drama', 'Crime']",37.445,7.73,"['Paul Newman', 'Harry Dean Stanton', 'Dennis Hopper', 'Morgan Woodward', 'Strother Martin', 'Robert Donner', 'Anthony Zerbe', 'Ralph Waite', 'Clifton James', 'George Kennedy']","['Dragline', 'prison', 'Jackson', 'Florida', 'Luke', 'farm', 'heavy', 'petty', 'criminal', 'sentenced']"
34,35,Die Hard,562,Die Hard,['John McTiernan'],"['Gordon Company', 'Silver Pictures', '20th Century Fox']","['Action', 'Thriller']",43.929,7.793,"['Bruce Willis', 'Alan Rickman', 'Kym Malin', 'Bonnie Bedelia', 'Robert Davi', 'Reginald VelJohnson', 'Grand L. Bush', 'Paul Gleason', 'William Atherton', 'Hart Bochner']","['NYPD', 'John', 'minutes', 'office', 'terrorists', 'McClane', 'cop', 'plan', 'reconcile', 'estranged']"
35,36,District 9,17654,District 9,['Neill Blomkamp'],"['TriStar Pictures', 'Block / Hanson', 'WingNut Films', 'District 9']",['Science Fiction'],38.142,7.447,"['Sharlto Copley', 'John Sumner', 'Brandon Auret', 'Jed Brophy', 'William Allen Young', 'Daniel Hadebe', 'Neill Blomkamp', 'Nathalie Boltt', 'Nick Boraine', 'Jacques Gombault']","['Earth', 'District', 'Thirty', 'ago', 'years', 'arrive', 'aliens', 'United', 'DNA', 'South']"
36,37,Django Unchained,68718,Django Unchained,['Quentin Tarantino'],"['The Weinstein Company', 'Columbia Pictures']","['Drama', 'Western']",95.894,8.181,"['Leonardo DiCaprio', 'Samuel L. Jackson', 'James Remar', 'Walton Goggins', 'Quentin Tarantino', 'Kerry Washington', 'Jamie Foxx', 'Jonah Hill', 'Bruce Dern', 'Don Johnson']","['German', 'Mississippi', 'hunter', 'owner', 'bounty', 'freed', 'slave', 'sets', 'rescue', 'wife']"
37,38,Dog Day Afternoon,968,Dog Day Afternoon,['Sidney Lumet'],"['Artists Entertainment Complex', 'Warner Bros. Pictures']","['Crime', 'Drama', 'Thriller']",33.975,7.8,"['Al Pacino', 'Carol Kane', 'Chris Sarandon', 'Lance Henriksen', 'Charles Durning', 'James Broderick', 'William Bogert', 'John Cazale', 'Robert Costanzo', 'Penelope Allen']","['Naturile', 'Brooklyn', 'John', 'Wojtowicz', 'Salvatore', 'Based', 'bank', 'Sonny', 'true', 'story']"
38,39,Donnie Darko,141,Donnie Darko,['Richard Kelly'],"['Flower Films', 'Gaylord Films', 'Adam Fields Productions', 'Pandora Cinema']","['Fantasy', 'Drama', 'Mystery']",50.651,7.8,"['Jake Gyllenhaal', 'Daveigh Chase', 'Seth Rogen', 'Mary McDonnell', 'Drew Barrymore', 'Patrick Swayze', 'Noah Wyle', 'Katharine Ross', 'Maggie Gyllenhaal', 'Ashley Tisdale']","['accident', 'crimes', 'narrowly', 'escaping', 'bizarre', 'troubled', 'teenager', 'plagued', 'visions', 'large']"
39,40,Double Indemnity,996,Double Indemnity,['Billy Wilder'],['Paramount Pictures'],"['Crime', 'Thriller']",32.241,8.114,"['Fred MacMurray', 'Barbara Stanwyck', 'Edward G. Robinson', 'Bess Flowers', 'Douglas Spencer', 'John Berry', 'Raymond Chandler', 'Byron Barr', 'Fortunio Bonanova', 'Richard Gaines']","['policy', 'insurance', 'double', 'rich', 'woman', 'calculating', 'agent', 'plot', 'kill', 'unsuspecting']"
40,41,Dr. Strangelove or: How I Learned to Stop Worrying and Love the Bomb,935,Dr. Strangelove or: How I Learned to Stop Worrying and Love the Bomb,['Stanley Kubrick'],['Hawk Films'],"['Comedy', 'War']",56.923,8.119,"['James Earl Jones', 'Peter Sellers', 'George C. Scott', 'Slim Pickens', 'Shane Rimmer', 'Keenan Wynn', 'Sterling Hayden', 'Peter Bull', 'Tracy Reed', 'Gordon Tanner']","['Union', 'nuclear', 'strike', 'Jack', 'Ripper', 'Soviet', 'Russian', 'politicians', 'General', 'generals']"
41,42,El laberinto del fauno,1417,Pan's Labyrinth,['Guillermo del Toro'],"['Estudios Picasso', 'Esperanto Filmoj', 'Tequila Gang', 'Telecinco Cinema']","['Fantasy', 'Drama', 'War']",52.195,7.8,"['Ivana Baquero', 'Ivan Massagué', 'Maribel Verdú', 'Doug Jones', 'Ariadna Gil', 'Sergi López', 'Fernando Albizu', 'Federico Luppi', 'Manolo Solo', 'Milo Taboada']","['Ofelia', 'Living', 'mother', 'destiny', 'tyrannical', 'stepfather', 'home', 'pregnant', 'feels', 'explores']"
42,43,Eternal Sunshine of the Spotless Mind,38,Eternal Sunshine of the Spotless Mind,['Michel Gondry'],"['Focus Features', 'Anonymous Content', 'This is that']","['Science Fiction', 'Drama', 'Romance']",86.214,8.1,"['Kate Winslet', 'Jim Carrey', 'Elijah Wood', 'Kirsten Dunst', 'Mark Ruffalo', 'Jane Adams', 'David Cross', 'Tom Wilkinson', ""Deirdre O'Connell"", 'Debbon Ayer']","['Barish', 'Joel', 'heartbroken', 'memory', 'decides', 'girlfriend', 'underwent', 'procedure', 'erase', 'mistake']"
43,44,Fanny och Alexander,5961,Fanny and Alexander,['Ingmar Bergman'],"['Cinematograph AB', 'Svenska Filminstitutet', 'SVT', 'Gaumont', 'Personafilm', 'Tobis']","['Fantasy', 'Drama', 'Mystery']",22.361,7.8,"['Peter Stormare', 'Lena Olin', 'Allan Edwall', 'Pernilla August', 'Harriet Andersson', 'Stina Ekblad', 'Börje Ahlstedt', 'Gunnar Björnstrand', 'Christina Schollin', 'Ewa Fröling']","['Fanny', 'Ekdahl', 'Alexander', 'Emilie', 'family', 'parents', 'company', 'children', 'loving', 'enjoy']"
44,45,Fargo,275,Fargo,['Joel Coen'],"['PolyGram Filmed Entertainment', 'Working Title Films']","['Crime', 'Drama', 'Thriller']",50.586,7.9,"['Steve Buscemi', 'William H. Macy', 'Peter Stormare', 'Bruce Campbell', 'Frances McDormand', 'Melissa Peterman', 'Harve Presnell', 'John Carroll Lynch', 'Steve Reevis', 'Larry Brandenburg']","['Minnesota', 'Jerry', 'debt', 'small-town', 'car', 'salesman', 'bursting', 'seams', 'ransom', 'plan']"
45,46,Festen,309,The Celebration,['Thomas Vinterberg'],"['DR', 'SVT', 'Nimbus Film']",['Drama'],23.766,7.7,"['Ulrich Thomsen', 'Lars Brygmann', 'Birthe Neumann', 'Trine Dyrholm', 'Thomas Bo Larsen', 'Thomas Vinterberg', 'Bjarne Henriksen', 'Henning Moritzen', 'Paprika Steen', 'Therese Glahn']","['birthday', 'family', 'wealthy', 'businessman', 'gather', 'celebrate', 'party', 'revealed', 'estranged', 'children']"
46,47,Fight Club,550,Fight Club,['David Fincher'],"['Fox 2000 Pictures', 'Regency Enterprises', 'The Linson Company', '20th Century Fox', 'Taurus Film']",['Drama'],106.668,8.4,"['Brad Pitt', 'Helena Bonham Carter', 'Jared Leto', 'Eion Bailey', 'Edward Norton', 'Richmond Arquette', 'Holt McCallany', 'Zach Grenier', 'Bob Stephenson', 'Evan Mirand']","['insomniac', 'therapy', 'slippery', 'soap', 'salesman', 'channel', 'primal', 'male', 'aggression', 'shocking']"
47,48,Finding Nemo,12,Finding Nemo,['Andrew Stanton'],['Pixar'],"['Animation', 'Family']",117.336,7.819,"['Willem Dafoe', 'Elizabeth Perkins', 'Allison Janney', 'Stephen Root', 'Eric Bana', 'Geoffrey Rush', 'Vanessa Marano', 'Erik Per Sullivan', 'Laura Marano', 'Brad Garrett']","['Great', 'Barrier', 'Reef', 'clownfish', 'aquarium', 'Nemo', 'home', 'adventurous', 'young', 'unexpectedly']"
48,49,Forrest Gump,13,Forrest Gump,['Robert Zemeckis'],"['Paramount Pictures', 'The Steve Tisch Company', 'Wendy Finerman Productions']","['Comedy', 'Drama', 'Romance']",187.629,8.472,"['Tom Hanks', 'Haley Joel Osment', 'Kurt Russell', 'Sally Field', 'Robin Wright', 'Sam Anderson', 'Marla Sucharetza', 'Elizabeth Hanks', 'Mykelti Williamson', 'John F. Kennedy']","['events', 'case', 'man', 'low', 'accomplished', 'great', 'things', 'life', 'present', 'significant']"
49,50,Full Metal Jacket,600,Full Metal Jacket,['Stanley Kubrick'],"['Natant', 'Kubrick Productions', 'Warner Bros. Pictures']","['Drama', 'War']",62.998,8.1,"[""Vincent D'Onofrio"", 'Adam Baldwin', 'Stanley Kubrick', 'Matthew Modine', ""Ed O'Ross"", 'Arliss Howard', 'John Terry', 'R. Lee Ermey', 'Dorian Harewood', 'Kevyn Major Howard']","['Marine', 'Vietnam', 'Hue', 'War', 'pragmatic', 'observes', 'dehumanizing', 'effects', 'fellow', 'recruits']"
50,51,Gandhi,783,Gandhi,['Richard Attenborough'],"['Goldcrest', 'Indo-British', 'International Film Investors', 'National Film Development Corporation of India', 'Columbia Pictures']","['Drama', 'History']",21.253,7.6,"['Ben Kingsley', 'Candice Bergen', 'Geraldine James', 'Amrish Puri', 'Martin Sheen', 'Daniel Day-Lewis', 'Dalip Tahil', 'Edward Fox', 'Colin Farrell', 'John Mills']","['Mohandas', 'century', 'British-trained', 'Indian', 'Gandhi', 'lawyer', 'forsakes', 'independence', 'early', 'years']"
51,52,Gladiator,98,Gladiator,['Ridley Scott'],"['Universal Pictures', 'Scott Free Productions', 'Red Wagon Entertainment', 'Mill Film', 'DreamWorks Pictures']","['Action', 'Drama', 'Adventure']",152.294,8.2,"['Russell Crowe', 'Joaquin Phoenix', 'Connie Nielsen', 'Tommy Flanagan', 'Richard Harris', 'Djimon Hounsou', 'David Hemmings', 'Oliver Reed', 'Spencer Treat Clark', 'Tony Curran']","['Maximus', 'Roman', 'Marcus', 'Aurelius', 'Empire', 'emperor', 'year', 'chaos', 'throws', 'death']"
52,53,Gone with the Wind,770,Gone with the Wind,['Victor Fleming'],"['Selznick International Pictures', 'Metro-Goldwyn-Mayer']","['Drama', 'War', 'Romance']",49.05,7.9,"['Clark Gable', 'Richard Farnsworth', 'George Reeves', 'Vivien Leigh', 'Frank Faylen', 'Leslie Howard', 'Thomas Mitchell', 'Evelyn Keyes', 'Hattie McDaniel', 'Ward Bond']","['Era', 'Georgia', 'American', 'Civil', 'War', 'Reconstruction', 'spoiled', 'daughter', 'plantation', 'owner']"
53,54,Good Will Hunting,489,Good Will Hunting,['Gus Van Sant'],"['Miramax', 'Lawrence Bender Productions', 'Be Gentlemen Limited Partnership']",['Drama'],148.253,8.16,"['Matt Damon', 'Ben Affleck', 'Robin Williams', 'Cole Hauser', 'Minnie Driver', 'Casey Affleck', 'Stellan Skarsgård', 'Richard Fitzpatrick', 'Scott William Winters', 'Michael Arthur']","['genius', 'back', 'professors', 'discover', 'aimless', 'janitor', 'math', 'therapist', 'young', 'man']"
54,55,Goodfellas,769,GoodFellas,['Martin Scorsese'],['Winkler Films'],"['Drama', 'Crime']",85.398,8.5,"['Samuel L. Jackson', 'Robert De Niro', 'Ray Liotta', 'Joe Pesci', 'Lorraine Bracco', 'Michael Imperioli', 'Debi Mazar', 'Tobin Bell', 'Nicole Burdette', 'Mike Starr']","['Hill', 'Conway', 'Henry', 'Brooklyn', 'Mafia', 'Jimmy', 'half-Irish', 'half-Sicilian', 'true', 'story']"
55,56,Gran Torino,13223,Gran Torino,['Clint Eastwood'],"['Matten Productions', 'Double Nickel Entertainment', 'Gerber Pictures', 'Malpaso Productions', 'Village Roadshow Pictures', 'WV Films IV', 'Warner Bros. Pictures']",['Drama'],53.193,8.0,"['Clint Eastwood', 'Scott Eastwood', 'Brian Howe', 'Ahney Her', 'John Carroll Lynch', 'Cory Hardrict', 'William Hill', 'Geraldine Hughes', 'Dreama Walker', 'Brian Haley']","['Thao', 'Lor', 'Gran', 'Torino', 'Kowalski', 'Korean', 'War', 'Walt', 'Hmong', 'Disgruntled']"
56,57,Groundhog Day,137,Groundhog Day,['Harold Ramis'],['Columbia Pictures'],"['Romance', 'Fantasy', 'Drama', 'Comedy']",53.782,7.608,"['Bill Murray', 'Andie MacDowell', 'Chris Elliott', 'Michael Shannon', 'Brian Doyle-Murray', 'Harold Ramis', 'Willie Garson', 'Stephen Tobolowsky', 'Hynden Walch', 'Reni Santoni']","['producer', 'Punxsutawney', 'Day', 'Groundhog', 'weatherman', 'cameraman', 'narcissistic', 'mawkish', 'report', 'small']"
57,58,Harry Potter and the Deathly Hallows: Part 2,12445,Harry Potter and the Deathly Hallows: Part 2,['David Yates'],"['Warner Bros. Pictures', 'Heyday Films']","['Fantasy', 'Adventure']",181.466,8.1,"['Gary Oldman', 'Emma Watson', 'Daniel Radcliffe', 'Emma Thompson', 'Helena Bonham Carter', 'Ralph Fiennes', 'Maggie Smith', 'Clémence Poésy', 'David Thewlis', 'Ciarán Hinds']","['Ron', 'Harry', 'Hermione', 'Voldemort', 'continue', 'quest', 'vanquish', 'evil', 'wizards', 'skills']"
58,59,Harvey,11787,Harvey,['Henry Koster'],['Universal International Pictures'],"['Comedy', 'Fantasy']",32.917,7.7,"['James Stewart', 'Cecil Kellaway', 'Norman Leavitt', 'Maudie Prickett', 'Fess Parker', 'Clem Bevans', 'Dick Wessel', 'Jesse White', 'Eula Guy', 'Charles Drake']","['Dowd', 'Harvey', 'Elwood', 'story', 'makes', 'friends', 'spirit', 'taking', 'form', 'human-sized']"
59,60,Heat,949,Heat,['Michael Mann'],"['Warner Bros. Pictures', 'Regency Enterprises', 'Forward Pass']","['Action', 'Crime', 'Drama']",90.958,7.9,"['Al Pacino', 'Natalie Portman', 'Robert De Niro', 'William Fichtner', 'Ted Levine', 'Ashley Judd', 'Danny Trejo', 'Val Kilmer', 'Jeremy Piven', 'Jon Voight']","['Neil', 'Los', 'Angeles', 'Vincent', 'Hanna', 'Obsessive', 'rest', 'master', 'thief', 'McCauley']"
60,61,High Noon,288,High Noon,['Fred Zinnemann'],"['Stanley Kramer Productions', 'United Artists']","['Western', 'Thriller']",29.607,7.7,"['Lee Van Cleef', 'Gary Cooper', 'Jack Elam', 'Harry Morgan', 'Lloyd Bridges', 'Robert J. Wilke', 'Thomas Mitchell', 'Grace Kelly', 'Otto Kruger', 'Lon Chaney Jr.']","['Mexico', 'Kane', 'learns', 'freed', 'train', 'outlaw', 'sheriff', 'small', 'town', 'notorious']"
61,62,Hotel Rwanda,205,Hotel Rwanda,['Terry George'],"['Lionsgate', 'United Artists', 'The Department of Trade, Industry and Competition of South Africa', 'Miracle Pictures', 'Seamus', 'Inside Track', 'Kiagli Releasing', 'Mikado Film']","['Drama', 'History', 'War']",23.346,7.7,"['Nick Nolte', 'Jean Reno', 'Joaquin Phoenix', 'Don Cheadle', ""David O'Hara"", 'Sophie Okonedo', 'Hakeem Kae-Kazim', 'Fana Mokoena', 'Leleti Khumalo', 'Tony Kgoroge']","['Rwanda', 'Tutsis', 'Inspired', 'events', 'world', 'true', 'film', 'place', 'million', 'killed']"
62,63,How to Train Your Dragon,10191,How to Train Your Dragon,"['Chris Sanders', 'Dean DeBlois']",['DreamWorks Animation'],"['Fantasy', 'Adventure', 'Animation', 'Family']",134.651,7.8,"['Gerard Butler', 'David Tennant', 'Jonah Hill', 'Kristen Wiig', 'America Ferrera', 'T.J. Miller', 'Jay Baruchel', 'Craig Ferguson', 'Christopher Mintz-Plasse', 'Ashley Jensen']","['Viking', 'Hiccup', 'Horrendous', 'Haddock', 'III', 'manhood', 'shy', 'passage', 'mettle', 'warrior']"
63,64,"Il buono, il brutto, il cattivo",429,"The Good, the Bad and the Ugly",['Sergio Leone'],"['United Artists', 'PEA', 'Arturo González PC', 'Constantin Film']",['Western'],90.759,8.5,"['Clint Eastwood', 'Lee Van Cleef', 'Eli Wallach', 'Luigi Pistilli', 'Rada Rassimov', 'Antonio Palombi', 'Silvana Bacci', 'Fortunato Arena', 'Mario Brega', 'Livio Lorenzon']","['Confederacy', 'Civil', 'War', 'Union', 'Mexican', 'American', 'Southwest', 'men', 'loner', 'hitman']"
64,65,In the Name of the Father,7984,In the Name of the Father,['Jim Sheridan'],"[""Hell's Kitchen"", 'Universal Pictures']",['Drama'],24.98,7.902,"['Emma Thompson', 'Saffron Burrows', 'Pete Postlethwaite', 'Daniel Day-Lewis', 'Beatie Edney', 'Tom Wilkinson', 'Phil Davis', 'Mark Sheppard', 'John Lynch', 'Paterson Joseph']","['Belfast', 'Conlon', 'IRA', 'London', 'Gerry', 'implicated', 'small', 'time', 'thief', 'falsely']"
65,66,Incendies,46738,Incendies,['Denis Villeneuve'],"['TS Productions', 'Phi Group', 'micro_scope']","['Drama', 'War', 'Mystery']",33.042,8.1,"['Lubna Azabal', 'Mélissa Désormeaux-Poulin', 'Abdelghafour Elaaziz', 'Baya Belal', 'Rémy Girard', 'Jackie Sawiris', 'Mohamed Majd', 'John Dunn-Hill', 'Maxim Gaudette', 'Baraka Rahmani']","['Jeanne', 'Simon', 'Middle', 'East', 'roots', 'mother', 'wishes', 'send', 'twins', 'journey']"
66,67,Inception,27205,Inception,['Christopher Nolan'],"['Legendary Pictures', 'Syncopy', 'Warner Bros. Pictures']","['Action', 'Science Fiction', 'Adventure']",125.398,8.368,"['Tom Hardy', 'Leonardo DiCaprio', 'Cillian Murphy', 'Joseph Gordon-Levitt', 'Marion Cotillard', 'Michael Caine', 'Tom Berenger', 'Elliot Page', 'Pete Postlethwaite', 'Talulah Riley']","['Cobb', 'inception', 'subconscious', 'impossible', 'skilled', 'thief', 'commits', 'corporate', 'espionage', 'infiltrating']"
67,68,Indiana Jones and the Last Crusade,89,Indiana Jones and the Last Crusade,['Steven Spielberg'],"['Paramount Pictures', 'Lucasfilm Ltd.']","['Adventure', 'Action']",52.354,7.8,"['Harrison Ford', 'River Phoenix', 'Sean Connery', 'John Rhys-Davies', 'Alison Doody', 'Alex Hyde-White', 'Ronald Lacey', 'Richard Young', 'Vernon Dobtcheff', 'Bradley Gregg']","['Grail', 'Jones', 'Indiana', 'Holy', 'father', 'art', 'collector', 'appeals', 'eminent', 'archaeologist']"
68,69,Infernal Affairs,10775,Infernal Affairs,"['麥兆輝', 'Andrew Lau Wai-Keung']","['Media Asia Films', 'Basic Pictures']","['Drama', 'Action', 'Thriller', 'Crime', 'Mystery']",28.024,7.8,"['劉德華', '陳冠希', 'Eric Tsang', '梁朝偉', '黃秋生', 'Shawn Yue', '杜汶澤', '袁偉豪', '林家棟', '何華超']","['Ming', 'Kin', 'Wing', 'Yan', 'Chan', 'officer', 'young', 'Lau', 'police', 'mafia']"
69,70,Inglourious Basterds,16869,Inglourious Basterds,['Quentin Tarantino'],"['The Weinstein Company', 'A Band Apart', 'Zehnte Babelsberg Film']","['Drama', 'Thriller', 'War']",75.805,8.2,"['Michael Fassbender', 'Brad Pitt', 'Samuel L. Jackson', 'Quentin Tarantino', 'Diane Kruger', 'Mélanie Laurent', 'Harvey Keitel', 'Daniel Brühl', 'Christoph Waltz', 'Léa Seydoux']","['Basterds', 'Nazis', 'Nazi-occupied', 'France', 'World', 'War', 'Reich', 'group', 'Jewish-American', 'chosen']"
70,71,Into the Wild,5915,Into the Wild,['Sean Penn'],"['River Road Entertainment', 'Paramount Vantage', 'The Linson Company', 'Square One C.I.H.']","['Adventure', 'Drama']",33.469,7.8,"['Kristen Stewart', 'Zach Galifianakis', 'Emile Hirsch', 'Vince Vaughn', 'William Hurt', 'Catherine Keener', 'Merritt Wever', 'Marcia Gay Harden', 'Jena Malone', 'Hal Holbrook']","['Emory', 'University', 'Christopher', 'Alaska', 'top', 'possessions', 'entire', 'savings', 'charity', 'wilderness']"
71,72,Intouchables,77338,The Intouchables,"['Éric Toledano', 'Olivier Nakache']","['Gaumont', 'Quad Productions', 'Chaocorp', 'Ten Films', 'TF1 Films Production']","['Drama', 'Comedy']",53.475,8.277,"['Audrey Fleurot', 'Omar Sy', 'Alba Gaïa Bellugi', 'Benjamin Baroche', 'François Cluzet', 'Émilie Caen', 'Caroline Bourg', 'Clotilde Mollet', 'Thomas Solivérès', 'Anne Le Ny']","['met', 'projects', 'true', 'story', 'men', 'quadriplegic', 'aristocrat', 'injured', 'paragliding', 'accident']"
72,73,It Happened One Night,3078,It Happened One Night,['Frank Capra'],['Columbia Pictures'],"['Comedy', 'Romance']",25.14,7.8,"['Clark Gable', 'Ward Bond', 'Milton Kibbee', 'James Burke', 'Claudette Colbert', 'Arthur Hoyt', 'Frank Capra', 'Mickey Daniels', 'Charles C. Wilson', 'Bess Flowers']","['Florida', 'York', 'bus', 'rogue', 'reporter', 'trailing', 'runaway', 'heiress', 'big', 'story']"
73,74,It's a Wonderful Life,1585,It's a Wonderful Life,['Frank Capra'],['Liberty Films'],"['Drama', 'Family', 'Fantasy']",56.403,8.3,"['James Stewart', 'Lionel Barrymore', 'Charles Lane', 'Donna Reed', 'Frank Faylen', 'Thomas Mitchell', 'Beulah Bondi', 'Ward Bond', 'Adriana Caselotti', 'Jimmy Hawkins']","['George', 'generations', 'Falls', 'holiday', 'favourite', 'Bailey', 'Bedford', 'entire', 'Potter', 'Christmas']"
74,75,Jagten,103663,The Hunt,['Thomas Vinterberg'],"['Zentropa International Sweden', 'Zentropa Entertainments', 'Film i Väst']",['Drama'],36.901,8.1,"['Mads Mikkelsen', 'Alexandra Rapaport', 'Sebastian Bull Sarning', 'Lars Ranthe', 'Thomas Bo Larsen', 'Lasse Fogelstrøm', 'Bjarne Henriksen', 'Anne Louise Hassing', 'Troels Thorsen', 'Susse Wold']","['custody', 'son', 'life', 'teacher', 'lives', 'lonely', 'struggling', 'lie', 'slowly', 'finds']"
75,76,Jaws,578,Jaws,['Steven Spielberg'],"['Zanuck/Brown Productions', 'Universal Pictures']","['Horror', 'Thriller', 'Adventure']",111.972,7.664,"['Steven Spielberg', 'Roy Scheider', 'Richard Dreyfuss', 'Robert Shaw', 'Murray Hamilton', 'Beverly Powers', 'Dorothy Fielding', 'Lorraine Gary', 'Susan Backlinie', 'Ted Grossman']","['Amity', 'shark', 'police', 'biologist', 'seaside', 'community', 'finds', 'attack', 'dangerous', 'great']"
76,77,Jurassic Park,329,Jurassic Park,['Steven Spielberg'],"['Universal Pictures', 'Amblin Entertainment']","['Adventure', 'Science Fiction']",40.956,7.952,"['Samuel L. Jackson', 'Jeff Goldblum', 'Sam Neill', 'BD Wong', 'Laura Dern', 'Whit Hertford', 'Joseph Mazzello', 'Wayne Knight', 'Ariana Richards', 'Miguel Sandoval']","['DNA', 'park', 'wealthy', 'entrepreneur', 'secretly', 'creates', 'theme', 'featuring', 'living', 'drawn']"
77,78,Kaze no tani no Naushika,81,Nausicaä of the Valley of the Wind,['宮崎駿'],['Topcraft'],"['Adventure', 'Animation', 'Fantasy']",41.072,7.9,"['島田敏', '八奈見乗児', '京田尚子', '大塚芳忠', '菅谷政子', '坂本千夏', '冨永みーな', '島本須美', '家弓家正', '永井一郎']","['Valley', 'Earth', 'Wind', 'war', 'global', 'seaside', 'kingdom', 'remains', 'strongholds', 'untouched']"
78,79,Kill Bill: Vol. 1,24,Kill Bill: Vol. 1,['Quentin Tarantino'],"['Miramax', 'A Band Apart', 'Super Cool ManChu']","['Action', 'Crime']",74.854,8.0,"['Uma Thurman', 'Lucy Liu', 'Daryl Hannah', 'Michael Madsen', '栗山千明', 'Vivica A. Fox', '風祭ゆき', 'Gordon Liu Chia-hui', '北村一輝', 'David Carradine']","['Bill', 'employer', 'circle', 'vengeance', 'assassin', 'shot', 'ruthless', 'members', 'assassination', 'lives']"
79,80,L.A. Confidential,2118,L.A. Confidential,['Curtis Hanson'],"['Regency Enterprises', 'Warner Bros. Pictures', 'Wolper Organization']","['Crime', 'Mystery', 'Thriller']",31.72,7.796,"['Russell Crowe', 'Guy Pearce', 'Simon Baker', 'Kim Basinger', 'James Cromwell', 'Danny DeVito', 'Kevin Spacey', 'Brenda Bakke', 'Matt McCoy', 'David Strathairn']","['brutal', 'police', 'diner', 'detectives', 'corrupt', 'force', 'differing', 'methods', 'uncover', 'conspiracy']"
80,81,Lawrence of Arabia,947,Lawrence of Arabia,['David Lean'],['Horizon Pictures'],"['Adventure', 'History', 'War']",83.458,8.0,"[""Peter O'Toole"", 'Omar Sharif', 'Jack Hawkins', 'José Ferrer', 'Jack Hedley', 'Anthony Quinn', 'John Bennett', 'Claude Rains', 'Alec Guinness', 'Anthony Quayle']","['British', 'Arab', 'Lawrence', 'story', 'officer', 'War', 'Ottoman', 'Empire', 'World', 'mission']"
81,82,Life of Pi,87827,Life of Pi,['李安'],"['Fox 2000 Pictures', 'Dune Entertainment', 'Ingenious Media', 'Haishang Films', 'Netter Productions', 'India Take One', 'Ingenious Film Partners', 'Big Screen Productions']","['Adventure', 'Drama']",45.064,7.4,"['Gérard Depardieu', 'Tabu', 'Adil Hussain', 'Rafe Spall', 'Irrfan Khan', 'James Saito', 'Suraj Sharma', 'Gautam Belur', 'Vibish Sivakumar', 'Ayush Tandon']","['Ocean', 'zebra', 'orangutan', 'Indian', 'Bengal', 'Pacific', 'hyena', 'story', 'boy', 'named']"
82,83,"Lock, Stock and Two Smoking Barrels",100,"Lock, Stock and Two Smoking Barrels",['Guy Ritchie'],"['Summit Entertainment', 'The Steve Tisch Company', 'SKA Films', 'PolyGram Filmed Entertainment', 'Handmade Films']","['Comedy', 'Crime']",23.869,8.1,"['Jason Statham', 'Vinnie Jones', 'Jason Flemyng', 'Nick Moran', 'Danny John-Jules', 'Steven Mackintosh', 'Matthew Vaughn', 'Sting', 'Alan Ford', 'Andrew Tiernan']","['match', 'card', 'shark', 'unwillingly-enlisted', 'friends', 'make', 'lot', 'cash', 'quick', 'losing']"
83,84,M,832,M,['Fritz Lang'],['Nero-Film AG'],"['Drama', 'Thriller', 'Crime']",29.537,8.1,"['Peter Lorre', 'Ellen Widmann', 'Gustaf Gründgens', 'Otto Wernicke', 'Georg John', 'Theodor Loos', 'Hertha von Walther', 'Ernst Stahl-Nachbaur', 'Theo Lingen', 'Paul Mederow']","['Hans', 'German', 'Berlin', 'Beckert', 'thriller', 'children', 'manhunt', 'classic', 'serial', 'killer']"
84,85,Mary and Max,24238,Mary and Max,['Adam Elliot'],['Melodrama Pictures'],"['Animation', 'Comedy', 'Drama']",59.889,7.8,"['Eric Bana', 'Philip Seymour Hoffman', 'Toni Collette', 'Barry Humphries', 'Christopher Massey', 'Julie Forsyth', ""Ian 'Molly' Meldrum"", 'Adam Elliot', 'Hamish Hughes', 'John Flaus']","['Mary', 'Melbourne', 'Max', 'York', 'living', 'pals', 'lonely', 'girl', 'severely', 'tale']"
85,86,Memento,77,Memento,['Christopher Nolan'],"['Newmarket Films', 'Summit Entertainment', 'Team Todd', 'I Remember Productions']","['Mystery', 'Thriller']",35.233,8.2,"['Guy Pearce', 'Carrie-Anne Moss', 'Joe Pantoliano', 'Jorja Fox', 'Stephen Tobolowsky', 'Mark Boone Junior', 'Callum Keith Rennie', 'Thomas Lennon', 'Harriet Sansom Harris', 'Marianne Muellerleile']","['Shelby', 'Leonard', 'wife', 'tracking', 'man', 'raped', 'murdered', 'killer', 'rare', 'untreatable']"
86,87,Metropolis,19,Metropolis,['Fritz Lang'],['UFA'],"['Drama', 'Science Fiction']",31.635,8.1,"['Brigitte Helm', 'Rudolf Klein-Rogge', 'Alfred Abel', 'Georg John', 'Fritz Rasp', 'Theodor Loos', 'Gustav Fröhlich', 'Heinrich George', 'Heinrich Gotho', 'Fritz Alberti']","['city', 'poor', 'differences', 'futuristic', 'sharply', 'divided', 'rich', 'son', 'mastermind', 'meets']"
87,88,Million Dollar Baby,70,Million Dollar Baby,['Clint Eastwood'],"['Lakeshore Entertainment', 'Malpaso Productions', 'Epsilon Motion Pictures', 'ASR Productions', 'Warner Bros. Pictures']",['Drama'],34.106,7.955,"['Clint Eastwood', 'Morgan Freeman', 'Anthony Mackie', 'Michael Peña', 'Riki Lindhome', 'Christina Cox', 'Jay Baruchel', 'Mike Colter', 'Hilary Swank', 'Benito Martinez']","['Frankie', 'Fitzgerald', 'Dunn', 'Maggie', 'Despondent', 'daughter', 'trainer', 'life', 'painful', 'estrangement']"
88,89,Modern Times,3082,Modern Times,['Charlie Chaplin'],['Charles Chaplin Productions'],"['Comedy', 'Drama', 'Romance']",26.608,8.293,"['Charlie Chaplin', 'Paulette Goddard', 'Heinie Conklin', 'Gloria DeHaven', 'Stanley Blystone', 'Louis Natheaux', 'Richard Alexander', 'Henry Bergman', 'Frank Hagney', 'Pat Flaherty']","['wrong', 'time', 'woman', 'time.', 'bumbling', 'tramp', 'desires', 'build', 'home', 'young']"
89,90,Mononoke-hime,128,Princess Mononoke,['宮崎駿'],"['Studio Ghibli', 'Nibariki', 'dentsu Music And Entertainment', 'TNDG', 'Tokuma Shoten', 'Nippon Television Network Corporation', 'dentsu']","['Adventure', 'Fantasy', 'Animation']",91.772,8.336,"['田中裕子', '小林薫', '石田ゆり子', '島本須美', '美輪明宏', '松田洋治', '加藤貴子', '佐藤允', '菅原大吉', '森繁久彌']","['Emishi', 'Ashitaka', 'people', 'cure', 'find', 'prince', 'disappearing', 'cursed', 'demonized', 'boar']"
90,91,"Monsters, Inc.",585,"Monsters, Inc.",['Pete Docter'],['Pixar'],"['Animation', 'Comedy', 'Family']",246.932,7.8,"['Steve Buscemi', 'John Goodman', 'Jennifer Tilly', 'Billy Crystal', 'Bonnie Hunt', 'Wallace Shawn', 'James Coburn', 'Frank Oz', 'Teresa Ganzel', 'David Silverman']","['Inc.', 'Monstropolis', 'Sulley', 'Wazowski', 'Mike', 'Monsters', 'Lovable', 'wisecracking', 'sidekick', 'top']"
91,92,Monty Python and the Holy Grail,762,Monty Python and the Holy Grail,"['Terry Jones', 'Terry Gilliam']","['Python (Monty) Pictures Limited', 'Michael White Productions', 'National Film Trustee Company']","['Adventure', 'Comedy', 'Fantasy']",33.031,7.8,"['John Cleese', 'Michael Palin', 'Connie Booth', 'Terry Gilliam', 'Graham Chapman', 'Eric Idle', 'Rita Davies', 'Terry Jones', 'Terry Jones', 'Carol Cleveland']","['Sir', 'Table', 'Wise', 'Brave', 'Pure', 'Arthur', 'Round', 'Bedevere', 'Lancelot', 'Robin']"
92,93,Monty Python's Life of Brian,583,Life of Brian,['Terry Jones'],"['Handmade Films', 'Python (Monty) Pictures Limited']",['Comedy'],54.44,7.8,"['George Harrison', 'John Cleese', 'Michael Palin', 'Terry Gilliam', 'Graham Chapman', 'Eric Idle', 'Gwen Taylor', 'Sue Jones-Davies', 'Kenneth Colley', 'Terry Jones']","['Messiah', 'Cohen', 'Jewish', 'Brian', 'man', 'events', 'average', 'young', 'series', 'ridiculous']"
93,94,Mr. Smith Goes to Washington,3083,Mr. Smith Goes to Washington,['Frank Capra'],['Columbia Pictures'],"['Comedy', 'Drama']",30.23,7.9,"['James Stewart', 'Charles Lane', 'William Demarest', 'Thomas Mitchell', 'Beulah Bondi', 'John Russell', 'Claude Rains', 'Philo McCullough', 'Milton Kibbee', 'Harry Carey']","['Smith', 'Rangers', 'Jefferson', 'Boy', 'United', 'Senate', 'Naive', 'leader', 'state', 'idealistic']"
94,95,Mystic River,322,Mystic River,['Clint Eastwood'],"['Warner Bros. Pictures', 'Village Roadshow Pictures', 'NPV Entertainment', 'Malpaso Productions']","['Thriller', 'Crime', 'Drama', 'Mystery']",67.077,7.7,"['Kevin Bacon', 'Emmy Rossum', 'Laurence Fishburne', 'Sean Penn', 'Ari Graynor', 'Connor Paolo', 'Tim Robbins', 'Laura Linney', 'Marcia Gay Harden', ""Jenny O'Hara""]","['tragedy', 'lives', 'men', 'childhood', 'friends', 'shattered', 'suffers', 'family']"
95,96,Network,10774,Network,['Sidney Lumet'],['Metro-Goldwyn-Mayer'],['Drama'],21.412,7.8,"['Conchata Ferrell', 'Faye Dunaway', 'Lance Henriksen', 'Robert Duvall', 'William Holden', 'Ned Beatty', 'Lane Smith', 'Ken Kercheval', 'Darryl Hickman', 'William Prince']","['Howard', 'Beale', 'post', 'age', 'broadcast', 'veteran', 'anchorman', 'forced', 'retire', 'announces']"
96,97,No Country for Old Men,6977,No Country for Old Men,"['Joel Coen', 'Ethan Coen']","['Miramax', 'Paramount Vantage', 'Scott Rudin Productions', 'Mike Zoss Productions']","['Crime', 'Drama', 'Thriller']",59.051,7.9,"['Woody Harrelson', 'Josh Brolin', 'Javier Bardem', 'Stephen Root', 'Kelly Macdonald', 'Tommy Lee Jones', 'Garret Dillahunt', 'Barry Corbin', 'Caleb Landry Jones', 'Tess Harper']","['Moss', 'Texas', 'Anton', 'Chigurh', 'Tom', 'Bell', 'Llewelyn', 'bodies', 'million', 'desert']"
97,98,North by Northwest,213,North by Northwest,['Alfred Hitchcock'],['Metro-Goldwyn-Mayer'],"['Thriller', 'Adventure']",28.662,7.983,"['James Mason', 'Olan Soule', 'Alfred Hitchcock', 'Cary Grant', 'Martin Landau', 'Adam Williams', 'Robert Shayne', 'Carleton Young', 'Malcolm Atterbury', 'Jeremy Slate']","['Roger', 'Thornhill', 'Advertising', 'spy', 'triggering', 'chase', 'man', 'mistaken', 'deadly', 'cross-country']"
98,99,Notorious,303,Notorious,['Alfred Hitchcock'],"['RKO Radio Pictures', 'Vanguard Films']","['Thriller', 'Romance', 'Mystery']",26.682,7.7,"['Alfred Hitchcock', 'Cary Grant', 'Virginia Gregg', 'Ingrid Bergman', 'Claude Rains', 'Friedrich von Ledebur', 'Ivan Triesault', 'Bea Benaderet', 'Elizabeth Wilson', 'Bess Flowers']","['Alicia', 'justice', 'government', 'Sebastian', 'Huberman', 'order', 'bring', 'agent', 'Devlin', 'American']"
99,100,Nuovo Cinema Paradiso,11216,Cinema Paradiso,['Giuseppe Tornatore'],"['RAI', 'Tre Forum', 'Les Films Ariane', 'TF1 Films Production']","['Drama', 'Romance']",58.125,8.4,"['Philippe Noiret', 'Brigitte Fossey', 'Marco Leonardi', 'Nino Terzo', 'Enzo Cannavale', 'Agnese Nano', 'Leopoldo Trieste', 'Jacques Perrin', 'Tano Cimarosa', 'Giuseppe Tornatore']","['childhood', 'projectionist', 'theater', 'filmmaker', 'recalls', 'fell', 'love', 'movies', 'village', 'formed']"
100,101,On the Waterfront,654,On the Waterfront,['Elia Kazan'],"['Columbia Pictures', 'Horizon Pictures']","['Crime', 'Drama', 'Romance']",25.488,7.924,"['Marlon Brando', 'Lee J. Cobb', 'Martin Balsam', 'Karl Malden', 'Fred Gwynne', 'Nehemiah Persoff', 'Rod Steiger', 'Pat Hingle', 'Katherine MacGregor', 'Leif Erickson']","['Malloy', 'Terry', 'dockworker', 'boxer', 'death', 'kindhearted', 'tricked', 'corrupt', 'bosses', 'leading']"
101,102,Once Upon a Time in America,311,Once Upon a Time in America,['Sergio Leone'],"['The Ladd Company', 'Embassy International Pictures', 'Rafran Cinematografica', 'PSO', 'Warner Bros. Pictures']","['Drama', 'Crime']",60.848,8.413,"['Jennifer Connelly', 'Robert De Niro', 'Joe Pesci', 'James Woods', 'Treat Williams', 'Elizabeth McGovern', 'Darlanne Fluegel', 'Danny Aiello', 'Brian Bloom', 'James Russo']","['Prohibition-era', 'Jewish', 'Lower', 'East', 'Side', 'Manhattan', 'life', 'gangster', 'returns', 'thirty']"
102,103,One Flew Over the Cuckoo's Nest,510,One Flew Over the Cuckoo's Nest,['Miloš Forman'],"['Fantasy Films', 'United Artists']",['Drama'],62.143,8.4,"['Christopher Lloyd', 'Anjelica Huston', 'Jack Nicholson', 'Danny DeVito', 'Brad Dourif', 'Will Sampson', 'Mimi Sarkisian', 'Michael Berryman', 'Scatman Crothers', 'Audrey Landers']","['prison', 'ward', 'petty', 'criminal', 'fakes', 'insanity', 'serve', 'sentence', 'mental', 'patients']"
103,104,Papillon,5924,Papillon,['Franklin J. Schaffner'],"['Allied Artists Pictures', 'Solar Productions', 'Corona-General']","['Crime', 'Drama']",43.988,7.8,"['Dustin Hoffman', 'Steve McQueen', 'Woodrow Parfrey', 'Richard Farnsworth', 'Anthony Zerbe', 'Liam Dunn', 'Bill Mumy', 'John Quade', 'Don Gordon', 'George Coulouris']","['man', 'island', 'escape', 'befriends', 'fellow', 'criminal', 'begin', 'serving', 'sentence', 'dreadful']"
104,105,Paths of Glory,975,Paths of Glory,['Stanley Kubrick'],"['Bryna Productions', 'United Artists', 'Harris-Kubrick Productions']","['War', 'Drama', 'History']",40.842,8.3,"['Richard Anderson', 'Timothy Carey', 'Kirk Douglas', 'Joe Turkel', 'Emile Meyer', 'George Macready', 'Wayne Morris', 'Bert Freed', 'Ralph Meeker', 'Adolphe Menjou']","['French', 'Army', 'commanding', 'officer', 'defends', 'scapegoats', 'trial', 'failed', 'offensive', 'occurred']"
105,106,Per un pugno di dollari,391,A Fistful of Dollars,['Sergio Leone'],"['Jolly Film', 'Ocean Films', 'Constantin Film']",['Western'],41.978,7.8,"['Clint Eastwood', 'Gian Maria Volonté', 'Mario Brega', 'Aldo Sambrell', 'Marianne Koch', 'Antonio Molino Rojo', 'Joseph Egger', 'Benito Stefanelli', 'José Calvo', 'Margarita Lozano']","['Rojo', 'Baxter', 'Mexican', 'Man', 'San', 'Miguel', 'John', 'brothers', 'enters', 'village']"
106,107,Persona,797,Persona,['Ingmar Bergman'],['SF Studios'],['Drama'],24.612,8.2,"['Liv Ullmann', 'Bibi Andersson', 'Gunnar Björnstrand', 'Margaretha Krook', 'Jörgen Lindström']","['Vogler', 'Alma', 'Elisabeth', 'nurse', 'respects', 'talk', 'young', 'put', 'charge', 'actress']"
107,108,Pirates of the Caribbean: The Curse of the Black Pearl,22,Pirates of the Caribbean: The Curse of the Black Pearl,['Gore Verbinski'],"['Walt Disney Pictures', 'Jerry Bruckheimer Films']","['Adventure', 'Fantasy', 'Action']",163.432,7.806,"['Johnny Depp', 'Keira Knightley', 'Zoe Saldaña', 'Orlando Bloom', 'Geoffrey Rush', 'Jonathan Pryce', 'Martin Klebba', 'Mackenzie Crook', 'Kevin McNally', 'Lee Arenberg']","['William', 'Pearl', 'pirate', 'crew', 'Port', 'Royal', 'Elizabeth', 'Swann', 'Turner', 'Jack']"
108,109,Platoon,792,Platoon,['Oliver Stone'],"['Hemdale Film Corporation', 'Cinema 86', 'Cinema 84', 'Orion Pictures', 'Orion']","['Drama', 'War', 'Action']",40.329,7.741,"['Johnny Depp', 'Willem Dafoe', 'Charlie Sheen', 'Tom Berenger', 'Keith David', 'Tony Todd', 'Forest Whitaker', 'Oliver Stone', 'Kevin Dillon', 'Mark Moses']","['Vietnam', 'Chris', 'Taylor', 'man', 'young', 'naive', 'recruit', 'faces', 'moral', 'crisis']"
109,110,Psycho,539,Psycho,['Alfred Hitchcock'],['Shamley Productions'],"['Horror', 'Thriller', 'Mystery']",64.712,8.431,"['Anthony Perkins', 'Vera Miles', 'John Anderson', 'Martin Balsam', 'Alfred Hitchcock', 'Lurene Tuttle', 'Jeanette Nolan', 'Virginia Gregg', 'Janet Leigh', 'Helen Wallace']","['Motel', 'Bates', 'Marion', 'Crane', 'Norman', 'life', 'mother', 'larcenous', 'real', 'estate']"
110,111,Pulp Fiction,680,Pulp Fiction,['Quentin Tarantino'],"['Miramax', 'A Band Apart', 'Jersey Films']","['Thriller', 'Crime']",193.234,8.5,"['Uma Thurman', 'Samuel L. Jackson', 'Bruce Willis', 'Steve Buscemi', 'Quentin Tarantino', 'Tim Roth', 'Ving Rhames', 'John Travolta', 'Christopher Walken', 'Harvey Keitel']","['man', 'partner', 'sprawling', 'comedic', 'caper', 'burger-loving', 'hit', 'philosophical', 'drug-addled', 'gangster']"
111,112,Raging Bull,1578,Raging Bull,['Martin Scorsese'],"['United Artists', 'Chartoff-Winkler Productions']",['Drama'],24.538,7.932,"['Robert De Niro', 'John Turturro', 'Martin Scorsese', 'Joe Pesci', 'Cathy Moriarty', 'Frank Vincent', 'Michael Badalucco', 'Candy Moore', 'Nicholas Colasanto', 'Joseph Bono']","['Jake', 'life', 'LaMotta', 'boxer', 'violence', 'temper', 'led', 'top', 'ring', 'destroyed']"
112,113,Raiders of the Lost Ark,85,Raiders of the Lost Ark,['Steven Spielberg'],"['Paramount Pictures', 'Lucasfilm Ltd.']","['Adventure', 'Action']",78.037,7.927,"['Harrison Ford', 'Alfred Molina', 'Frank Welker', 'John Rhys-Davies', 'Karen Allen', 'Paul Freeman', 'Anthony Higgins', 'Ronald Lacey', 'Rocky Taylor', 'Kiran Shah']","['Jones', 'Covenant', 'Indiana', 'Ark', 'Nazi', 'archaeologist', 'regime', 'tweed-suited', 'professor', 'celebrated']"
113,114,Rain Man,380,Rain Man,['Barry Levinson'],"['United Artists', 'Star Partners II Ltd.', 'Guber/Peters Company']",['Drama'],40.84,7.8,"['Tom Cruise', 'Dustin Hoffman', 'Valeria Golino', 'Bonnie Hunt', 'June Christopher', 'Chris Mulkey', 'Beth Grant', 'Reni Santoni', 'Jake Hoffman', 'Julie Payne']","['Raymond', 'Cincinnati', 'Babbitt', 'Charlie', 'father', 'died', 'million', 'lives', 'car', 'dealer']"
114,115,Ran,11645,Ran,['黒澤明'],"['Nippon Herald Films', 'Greenwich Film Production', 'Herald Ace', 'TOHO']","['Action', 'Drama', 'History']",21.431,8.1,"['仲代達矢', '池畑慎之介', '隆大介', '原田美枝子', '田崎潤', '宮崎美子', '油井昌由樹', '頭師佳孝', '井川比佐志', '二世野村萬斎']","['Ran', 'Japan', 'Akira', 'Shakespeare', 'King', 'Lear', 'Kurosawa', 'legendary', 'director', 'reimagines']"
115,116,Ratatouille,2062,Ratatouille,['Brad Bird'],"['Pixar', 'Walt Disney Pictures']","['Animation', 'Comedy', 'Family', 'Fantasy']",127.441,7.8,"['James Remar', ""Peter O'Toole"", 'Will Arnett', 'Brian Dennehy', 'Ian Holm', 'Janeane Garofalo', 'Brad Bird', 'Brad Garrett', 'Peter Sohn', 'Patton Oswalt']","['Paris', 'Remy', 'palate', 'resident', 'good', 'food', 'sophisticated', 'delight', ""Paris'"", 'love']"
116,117,Rear Window,567,Rear Window,['Alfred Hitchcock'],"['Paramount Pictures', 'Patron Inc.']","['Thriller', 'Mystery']",36.349,8.4,"['James Stewart', 'Alfred Hitchcock', 'Raymond Burr', 'Grace Kelly', 'Gig Young', 'Kathryn Grant', 'Frank Cady', 'Thelma Ritter', 'Wendell Corey', 'Fred Graham']","['murder', 'wheelchair-bound', 'photographer', 'spies', 'neighbors', 'apartment', 'window', 'convinced', 'committed']"
117,118,Rebecca,223,Rebecca,['Alfred Hitchcock'],['Selznick International Pictures'],"['Mystery', 'Romance', 'Thriller', 'Drama']",19.924,7.9,"['Laurence Olivier', 'Alfred Hitchcock', 'Gladys Cooper', 'George Sanders', 'C. Aubrey Smith', 'Nigel Bruce', 'Leo G. Carroll', 'Florence Bates', 'Melville Cooper', 'Reginald Denny']","['Rebecca', 'Story', 'earlier', 'young', 'wife', 'woman', 'marries', 'fascinating', 'widower', 'find']"
118,119,Requiem for a Dream,641,Requiem for a Dream,['Darren Aronofsky'],"['Artisan Entertainment', 'Thousand Words', 'Protozoa Pictures']","['Crime', 'Drama']",21.938,8.0,"['Jennifer Connelly', 'Jared Leto', 'Marlon Wayans', 'Keith David', 'Dylan Baker', 'Mark Margolis', 'Christopher McDonald', 'Ellen Burstyn', 'Darren Aronofsky', 'Louise Lasser']","['Coney', 'Island', 'deep', 'drug-induced', 'utopias', 'residents', 'shattered', 'addictions', 'run']"
119,120,Reservoir Dogs,500,Reservoir Dogs,['Quentin Tarantino'],"['Live Entertainment', 'Dog Eat Dog Productions']","['Crime', 'Thriller']",69.261,8.123,"['Steve Buscemi', 'Quentin Tarantino', 'Tim Roth', 'Michael Madsen', 'Harvey Keitel', 'Chris Penn', 'Scott McElroy', 'Lawrence Tierney', 'Randy Brooks', 'Steven Wright']","['informant', 'warehouse', 'botched', 'robbery', 'police', 'pressure', 'mounts', 'aftermath', 'White', 'Orange']"
120,121,Rocky,1366,Rocky,['John G. Avildsen'],['Winkler Films'],['Drama'],69.177,7.8,"['Sylvester Stallone', 'Talia Shire', 'Burgess Meredith', 'Carl Weathers', 'Joe Spinell', 'Michael Dorn', 'Stan Shaw', ""George O'Hanlon"", 'Simmy Bow', 'Lloyd Kaufman']","['Philadelphia', 'opportunity', 'champion', 'uneducated', 'collector', 'loan', 'shark', 'fight', 'world', 'heavyweight']"
121,122,Roman Holiday,804,Roman Holiday,['William Wyler'],['Paramount Pictures'],"['Romance', 'Comedy', 'Drama']",34.775,7.9,"['Audrey Hepburn', 'Gregory Peck', 'Eddie Albert', 'Maurizio Arena', 'Laura Solari', 'Tullio Carminati', 'Paola Borboni', 'Carlo Rizzo', 'Tania Weber', 'Richard McNamara']","['Rome', 'European', 'Joe', 'Ann', 'Overwhelmed', 'schedule', 'touring', 'suffocating', 'princess', 'night']"
122,123,Rope,1580,Rope,['Alfred Hitchcock'],['Transatlantic Pictures'],"['Thriller', 'Crime', 'Drama']",21.272,7.9,"['James Stewart', 'Alfred Hitchcock', 'Cedric Hardwicke', 'Farley Granger', 'Joan Chandler', 'John Dall', 'Constance Collier', 'Douglas Dick', 'Dick Hogan', 'Edith Evanson']","['death', 'longtime', 'friends', 'attempt', 'prove', 'committed', 'perfect', 'murder', 'hosting', 'dinner']"
123,124,Rosemary's Baby,805,Rosemary's Baby,['Roman Polanski'],['William Castle Productions'],"['Drama', 'Horror', 'Thriller']",40.584,7.83,"['Ruth Gordon', 'Tony Curtis', 'Mia Farrow', 'Phil Leeds', 'John Cassavetes', 'Ralph Bellamy', 'Victoria Vetri', 'Charles Grodin', 'Elisha Cook Jr.', 'Maurice Evans']","['Rosemary', 'Guy', 'York', 'couple', 'moves', 'building', 'events', 'family', 'young', 'infamous']"
124,125,Saving Private Ryan,857,Saving Private Ryan,['Steven Spielberg'],"['DreamWorks Pictures', 'Paramount Pictures', 'Amblin Entertainment', 'Mutual Film Company']","['Drama', 'History', 'War']",91.024,8.2,"['Matt Damon', 'Vin Diesel', 'Tom Hanks', 'Bryan Cranston', 'Nathan Fillion', 'Giovanni Ribisi', 'Paul Giamatti', 'Jeremy Davies', 'Adam Goldberg', 'Ted Danson']","['Normandy', 'troops', 'battlefield', 'lines', 'storm', 'beaches', 'brothers', 'lie', 'dead', 'fourth']"
125,126,Scarface,111,Scarface,['Brian De Palma'],"['Universal Pictures', 'Martin Bregman Productions']","['Action', 'Crime', 'Drama']",123.01,8.165,"['Al Pacino', 'Michelle Pfeiffer', 'Steven Bauer', 'Mary Elizabeth Mastrantonio', 'Mark Margolis', 'Robert Loggia', 'Charles Durning', 'Harris Yulin', 'Miriam Colon', 'F. Murray Abraham']","['Tony', 'Miami', 'Cuban', 'Montana', 'drug', 'official', 'green', 'card', 'exchange', 'assassinating']"
126,127,Schindler's List,424,Schindler's List,['Steven Spielberg'],['Amblin Entertainment'],"['Drama', 'History', 'War']",82.748,8.6,"['Liam Neeson', 'Ralph Fiennes', 'Ben Kingsley', 'Embeth Davidtz', 'Mark Ivanir', 'Caroline Goodall', 'Elina Löwensohn', 'Olaf Lubaszenko', 'Agnieszka Wagner', 'Anna Mucha']","['Oskar', 'Schindler', 'Jewish', 'Nazis', 'World', 'War', 'true', 'story', 'businessman', 'saved']"
127,128,Se7en,807,Se7en,['David Fincher'],"['New Line Cinema', 'Juno Pix', 'Cecchi Gori Pictures']","['Crime', 'Mystery', 'Thriller']",79.014,8.4,"['Brad Pitt', 'Morgan Freeman', 'Kevin Spacey', 'Michael Reid MacKay', 'Richmond Arquette', 'Gwyneth Paltrow', 'Mark Boone Junior', 'Richard Schiff', 'Bob Stephenson', 'Charles S. Dutton']","['homicide', 'detectives', 'desperate', 'hunt', 'serial', 'crimes', 'based', 'deadly', 'dark', 'haunting']"
128,129,Shutter Island,11324,Shutter Island,['Martin Scorsese'],"['Paramount Pictures', 'Phoenix Pictures', 'Sikelia Productions', 'Appian Way']","['Drama', 'Thriller', 'Mystery']",117.525,8.203,"['Leonardo DiCaprio', 'Michelle Williams', 'Ted Levine', 'Ben Kingsley', 'Mark Ruffalo', 'Joseph Sikora', 'Emily Mortimer', 'Jackie Earle Haley', 'Patricia Clarkson', 'Elias Koteas']","['Marshal', 'War', 'Teddy', 'Daniels', 'World', 'insane', 'doctor', 'investigates', 'disappearance', 'patient']"
129,130,Sin City,187,Sin City,"['Robert Rodriguez', 'Frank Miller']","['Dimension Films', 'Troublemaker Studios', 'Miramax']","['Thriller', 'Action', 'Crime']",37.41,7.457,"['Bruce Willis', 'Carla Gugino', 'Jessica Alba', 'Elijah Wood', 'Josh Hartnett', 'Brittany Murphy', 'Alexis Bledel', 'Mickey Rourke', 'Benicio del Toro', 'Devon Aoki']","['Sin', 'Hard-boiled', 'City', 'call', 'Crooked', 'tough', 'corrupt', 'brokenhearted', 'town', 'beckons']"
130,131,Singin' in the Rain,872,Singin' in the Rain,"['Stanley Donen', 'Gene Kelly']",['Metro-Goldwyn-Mayer'],"['Comedy', 'Romance']",34.343,8.2,"['Rita Moreno', 'William Schallert', 'Debbie Reynolds', 'Gene Kelly', 'Jean Hagen', ""Donald O'Connor"", 'Kathleen Freeman', 'Philo McCullough', 'Douglas Fowley', 'Cyd Charisse']","['Hollywood', 'sound', 'silent', 'film', 'production', 'company', 'cast', 'make', 'difficult', 'transition']"
131,132,Sleuth,993,Sleuth,['Joseph L. Mankiewicz'],['Palomar Pictures International'],"['Thriller', 'Mystery', 'Crime', 'Comedy']",14.675,7.7,"['Michael Caine', 'Laurence Olivier', 'John Matthews', 'Eve Channing', 'Teddy Martin', 'Alec Cawthorne']","['lover', 'mystery', 'novelist', 'devises', 'insurance', 'scam', 'wife', 'things', 'Academy', 'Film']"
132,133,Slumdog Millionaire,12405,Slumdog Millionaire,['Danny Boyle'],"['Celador Films', 'Film4 Productions']","['Drama', 'Romance']",36.084,7.732,"['Anil Kapoor', 'Dev Patel', 'Amitabh Bachchan', 'Freida Pinto', 'Irrfan Khan', 'Mahesh Manjrekar', 'Saurabh Shukla', 'Tanay Chheda', 'Sharib Hashmi', 'Anjum Sharma']","['Millionaire', 'Indian', 'teenager', 'reflects', 'life', 'accused', 'cheating', 'version']"
133,134,Snatch,107,Snatch,['Guy Ritchie'],"['SKA Films', 'Columbia Pictures', 'Screen Gems']","['Crime', 'Comedy']",51.175,7.8,"['Jason Statham', 'Brad Pitt', 'Guy Ritchie', 'Stephen Graham', 'Benicio del Toro', 'Rade Šerbedžija', 'Vinnie Jones', 'Jason Flemyng', 'Lennie James', 'Ewen Bremner']","['Russian', 'Jewish', 'Unscrupulous', 'promoters', 'violent', 'bookmakers', 'gangster', 'incompetent', 'diamond', 'boxing']"
134,135,Some Like It Hot,239,Some Like It Hot,['Billy Wilder'],['The Mirisch Company'],"['Comedy', 'Romance', 'Crime']",44.834,8.1,"['Tony Curtis', 'Marilyn Monroe', 'Jack Lemmon', 'Nehemiah Persoff', 'James Dime', 'Joan Shawlee', 'Shep Houghton', 'Pat O’Brien', 'George Raft', 'Grace Lee Whitney']","['gangsters', 'musicians', 'witness', 'mob', 'hit', 'struggle', 'find', 'city', 'found', 'tour']"
135,136,Stand by Me,235,Stand by Me,['Rob Reiner'],"['Columbia Pictures', 'Act III Productions']","['Crime', 'Drama']",48.644,7.9,"['John Cusack', 'Kiefer Sutherland', 'Corey Feldman', 'River Phoenix', ""Jerry O'Connell"", 'Richard Dreyfuss', 'Wil Wheaton', 'Casey Siemaszko', 'Dick Durock', 'Marshall Bell']","['Oregon', 'body', 'Gordie', 'Vern', 'lives', 'boy', 'boys', 'learning', 'age', 'accidentally']"
136,137,Star Trek,13475,Star Trek,['J.J. Abrams'],"['Paramount Pictures', 'Spyglass Entertainment', 'Bad Robot']","['Science Fiction', 'Action', 'Adventure']",64.523,7.4,"['Chris Hemsworth', 'Jennifer Morrison', 'Winona Ryder', 'Zoe Saldaña', 'Tyler Perry', 'Bruce Greenwood', 'Zachary Quinto', 'Simon Pegg', 'Karl Urban', 'Greg Grunberg']","['rivals', 'fate', 'galaxy', 'rests', 'hands', 'bitter', 'James', 'Kirk', 'Spock', 'Iowa']"
137,138,Star Wars: Episode VI - Return of the Jedi,1892,Return of the Jedi,['Richard Marquand'],['Lucasfilm Ltd.'],"['Adventure', 'Action', 'Science Fiction']",39.271,7.9,"['Harrison Ford', 'James Earl Jones', 'Mark Hamill', 'Warwick Davis', 'Frank Oz', 'Carrie Fisher', 'Tony Cox', 'Ian McDiarmid', 'Billy Dee Williams', 'Dermot Crowley']","['Hutt', 'Star', 'Skywalker', 'Han', 'Solo', 'Jabba', 'Emperor', 'Rebellion', 'Death', 'Luke']"
138,139,Strangers on a Train,845,Strangers on a Train,['Alfred Hitchcock'],['Warner Bros. Pictures'],"['Crime', 'Thriller']",63.518,7.7,"['Alfred Hitchcock', 'Ruth Roman', 'Jonathan Hale', 'Kasey Rogers', 'Farley Granger', 'Leo G. Carroll', 'Norma Varden', 'Robert Gist', 'Robert Walker', 'Marion Lorne']","['theory', 'train', 'player', 'met', 'smooth-talking', 'psychotic', 'socialite', 'shares', 'complete', 'strangers']"
139,140,Sunset Boulevard,599,Sunset Boulevard,['Billy Wilder'],['Paramount Pictures'],['Drama'],33.365,8.3,"['William Holden', 'Buster Keaton', 'Jack Warden', 'Gloria Swanson', 'Fred Clark', 'Jack Webb', 'Julia Faye', 'Harold Miller', 'Yvette Vickers', 'Cecil B. DeMille']","['Hollywood', 'obscurity', 'hack', 'screenwriter', 'writes', 'screenplay', 'silent', 'film', 'star', 'faded']"
140,141,Taare Zameen Par,7508,Like Stars on Earth,['Aamir Khan'],"['Aamir Khan Productions', 'PVR Inox Pictures', 'UTV Motion Pictures']",['Drama'],35.861,8.0,"['Aamir Khan', 'Vipin Sharma', 'Tisca Chopra', 'Girija Oak', 'Tanay Chheda', 'Meghna Malik', 'Darsheel Safary', 'Bugs Bhargava', 'Shankar Sachdev', 'Ravi Khanvilkar']","['Awasthi', 'Ishaan', 'world', 'filled', 'Colours', 'fish', 'dogs', 'marks', 'adults', 'homework']"
141,142,Taxi Driver,103,Taxi Driver,['Martin Scorsese'],"['Italo/Judeo Productions', 'Bill/Phillips', 'Columbia Pictures']","['Crime', 'Drama']",74.747,8.142,"['Robert De Niro', 'Jodie Foster', 'Martin Scorsese', 'Harvey Keitel', 'Peter Boyle', 'Cybill Shepherd', 'Joe Spinell', 'Albert Brooks', 'Frank Adu', 'Debbi Morgan']","['Vietnam', 'War', 'York', 'City', 'action', 'mentally', 'unstable', 'veteran', 'works', 'night-time']"
142,143,Terminator 2: Judgment Day,280,Terminator 2: Judgment Day,['James Cameron'],"['Carolco Pictures', 'Pacific Western', 'Lightstorm Entertainment', 'Le Studio Canal+']","['Action', 'Thriller', 'Science Fiction']",75.084,8.119,"['Arnold Schwarzenegger', 'Dean Norris', 'Robert Patrick', 'Linda Hamilton', 'Xander Berkeley', 'Nikki Cox', 'Joe Morton', 'Edward Furlong', 'S. Epatha Merkerson', 'Earl Boen']","['Connor', 'James', 'Cameron', 'John', 'Set', 'original', 'rebellion', 'ten', 'years', 'events']"
143,144,The Apartment,284,The Apartment,['Billy Wilder'],"['The Mirisch Company', 'United Artists']","['Comedy', 'Drama', 'Romance']",26.598,8.2,"['Shirley MacLaine', 'David Lewis', 'Fred MacMurray', 'Jack Lemmon', 'Joan Shawlee', 'Ray Walston', 'David White', 'Hal Smith', 'Joyce Jameson', 'David Macklin']","['Baxter', 'York', 'Bud', 'company', 'ladder', 'minor', 'clerk', 'huge', 'insurance', 'discovers']"
144,145,The Artist,74643,The Artist,['Michel Hazanavicius'],"['uFilm', 'La Petite Reine', 'Studio 37', 'La Classe américaine', 'JD Prod', 'France 3 Cinéma', 'Jouror Productions']","['Drama', 'Comedy', 'Romance']",14.212,7.454,"['John Goodman', 'James Cromwell', 'Missi Pyle', 'Malcolm McDowell', 'Elizabeth Tulloch', 'Jean Dujardin', 'Tasso Feldman', 'Jen Lilley', 'Bérénice Bejo', 'Penelope Ann Miller']","['Hollywood', 'Miller', 'George', 'Valentin', 'Peppy', 'oblivion', 'break', 'silent', 'movie', 'star']"
145,146,The Avengers,24428,The Avengers,['Joss Whedon'],['Marvel Studios'],"['Science Fiction', 'Action', 'Adventure']",176.955,7.719,"['Scarlett Johansson', 'Robert Downey Jr.', 'Samuel L. Jackson', 'Chris Evans', 'Chris Hemsworth', 'Jenny Agutter', 'Ashley Johnson', 'Tom Hiddleston', 'Cobie Smulders', 'Jeremy Renner']","['Nick', 'Fury', 'security', 'director', 'finds', 'disaster', 'unexpected', 'enemy', 'emerges', 'threatens']"
146,147,The Best Years of Our Lives,887,The Best Years of Our Lives,['William Wyler'],"['Samuel Goldwyn Productions', 'RKO Radio Pictures', 'Samuel Goldwyn Company']","['Drama', 'Romance', 'War']",17.252,7.783,"['Ray Collins', 'Virginia Mayo', 'Myrna Loy', 'Steve Cochran', 'Robert Karnes', 'Teresa Wright', 'Ray Teal', 'Heinie Conklin', 'Lawrence Dobkin', 'Dana Andrews']","['day', 'home', 'dream', 'hope', 'sustains', 'spirit', 'finally', 'return', 'WWII', 'veterans']"
147,148,The Big Lebowski,115,The Big Lebowski,['Joel Coen'],"['PolyGram Filmed Entertainment', 'Working Title Films', 'Gramercy Pictures']","['Comedy', 'Crime']",62.672,7.8,"['Julianne Moore', 'Jeff Bridges', 'Tara Reid', 'Steve Buscemi', 'John Goodman', 'Mark Pellegrino', 'Sam Elliott', 'David Thewlis', 'John Turturro', 'Peter Stormare']","['Lebowski', 'ferrets', 'Dude', 'Russians', 'Jeffrey', 'Los', 'Angeles', 'White', 'millionaire', 'nihilists']"
148,149,The Big Sleep,910,The Big Sleep,['Howard Hawks'],['Warner Bros. Pictures'],"['Mystery', 'Crime', 'Thriller']",27.341,7.6,"['Humphrey Bogart', 'Lauren Bacall', 'Dorothy Malone', 'Shep Houghton', 'Trevor Bardette', 'Bob Steele', 'Elisha Cook Jr.', 'Regis Toomey', 'Bess Flowers', 'Peggy Knudsen']","['Carmen', 'Investigator', 'Philip', 'General', 'Sternwood', 'Marlowe', 'Private', 'blackmail', 'deception', 'hired']"
149,150,The Bourne Ultimatum,2503,The Bourne Ultimatum,['Paul Greengrass'],"['Universal Pictures', 'The Kennedy/Marshall Company', 'Ludlum Entertainment', 'Motion Picture BETA Produktionsgesellschaft', 'Bourne Again', 'KanZaman Services', 'Peninsula Films', 'Studio Babelsberg']","['Action', 'Drama', 'Mystery', 'Thriller']",50.313,7.43,"['Matt Damon', 'Scott Adkins', 'Julia Stiles', 'Edgar Ramírez', 'Daniel Brühl', 'Scott Glenn', 'Joan Allen', 'Franka Potente', 'Paddy Considine', 'David Strathairn']","['Blackbriar', 'Treadstone', 'Simon', 'Ross', 'Operation', 'Project', 'columns', 'Bourne', 'reporter', 'brought']"
150,151,The Bridge on the River Kwai,826,The Bridge on the River Kwai,['David Lean'],['Horizon Pictures'],"['Drama', 'History', 'War']",39.5,7.832,"['William Holden', 'Jack Hawkins', 'Alec Guinness', 'Sessue Hayakawa', 'Percy Herbert', 'Geoffrey Horne', 'Peter Williams', 'André Morell', 'James Donald', 'ヘンリー大川']","['English', 'Burma', 'Japanese', 'captors', 'bridge', 'classic', 'story', 'POWs', 'forced', 'build']"
151,152,The Dark Knight,155,The Dark Knight,['Christopher Nolan'],"['DC', 'Legendary Pictures', 'Syncopy', 'Isobel Griffiths', 'Warner Bros. Pictures']","['Drama', 'Action', 'Crime', 'Thriller']",160.102,8.5,"['Gary Oldman', 'Morgan Freeman', 'Cillian Murphy', 'Christian Bale', 'William Fichtner', 'Michael Caine', 'Eric Roberts', 'Aaron Eckhart', 'Michael Jai White', 'David Dastmalchian']","['Batman', 'crime', 'raises', 'stakes', 'war', 'criminal', 'Dent', 'Gordon', 'District', 'Attorney']"
152,153,The Deer Hunter,11778,The Deer Hunter,['Michael Cimino'],"['Universal Pictures', 'EMI Films']","['Drama', 'War']",30.217,8.003,"['Robert De Niro', 'Meryl Streep', 'Christopher Walken', 'George Dzundza', 'John Savage', 'John Cazale', 'Rutanya Alda', 'Joel Thingvall', 'Joe Grifasi', ""Paul D'Amato""]","['Army', 'Vietnam', 'War', 'chaos', 'imagined', 'group', 'working-class', 'friends', 'decide', 'enlist']"
153,154,The Departed,1422,The Departed,['Martin Scorsese'],"['Warner Bros. Pictures', 'Plan B Entertainment', 'Initial Entertainment Group', 'Vertigo Entertainment', 'Media Asia Films']","['Drama', 'Thriller', 'Crime']",59.129,8.2,"['Matt Damon', 'Leonardo DiCaprio', 'Mark Wahlberg', 'Vera Farmiga', 'Alec Baldwin', 'Jack Nicholson', 'Martin Sheen', 'James Badge Dale', 'John Cenatiempo', ""David O'Hara""]","['Mafia', 'South', 'Boston', 'Irish', 'police', 'underworld', 'likewise', 'send', 'infiltrate', 'realizing']"
154,155,The Elephant Man,1955,The Elephant Man,['David Lynch'],"['Brooksfilms', 'Paramount Pictures']","['Drama', 'History']",32.155,8.034,"['Anthony Hopkins', 'John Hurt', 'David Lynch', 'John Standing', 'Michael Elphick', 'John Gielgud', 'Freddie Jones', 'Anne Bancroft', 'Patricia Hodge', 'Kathleen Byron']","['Victorian', 'owner', 'freak', 'Merrick', 'surgeon', 'rescues', 'heavily', 'disfigured', 'mistreated', 'side-show']"
155,156,The Exorcist,9552,The Exorcist,['William Friedkin'],"['Hoya Productions', 'Warner Bros. Pictures']","['Horror', 'Drama']",142.213,7.7,"['Linda Blair', 'Lee J. Cobb', 'Max von Sydow', 'Ellen Burstyn', 'Mercedes McCambridge', 'Donna Mitchell', 'Jason Miller', 'Robert Symonds', 'Titos Vandis', 'Kitty Winn']","['charming', 'doctors', 'girl', 'characteristics', 'voices', 'daughter', 'die', 'devil', 'exorcism', 'people']"
156,157,The General,961,The General,"['Clyde Bruckman', 'Buster Keaton']","['Joseph M. Schenck Productions', 'Buster Keaton Productions']","['Comedy', 'Action', 'Adventure', 'War']",27.675,7.964,"['Buster Keaton', 'Joe Keaton', 'Louis Lewyn', 'Frederick Vroom', 'Frank Hagney', 'Charles Henry Smith', 'Mike Donlin', 'Edward Hearn', 'Al St. John', 'Glen Cavender']","['General', 'War', 'Union', 'Annabelle', 'America', 'Civil', 'Johnny', 'Gray', 'Johnnie', 'locomotive']"
157,158,The Godfather,238,The Godfather,['Francis Ford Coppola'],"['Paramount Pictures', 'Alfran Productions']","['Drama', 'Crime']",269.616,8.69,"['Al Pacino', 'Diane Keaton', 'Talia Shire', 'Marlon Brando', 'Simonetta Stefanelli', 'James Caan', 'Robert Duvall', 'Joe Spinell', 'Sofia Coppola', 'Abe Vigoda']","['Corleone', 'Spanning', 'years', 'crime', 'family', 'chronicle', 'fictional', 'Italian-American', 'Vito', 'Michael']"
158,159,The Gold Rush,962,The Gold Rush,['Charlie Chaplin'],['Charles Chaplin Productions'],"['Adventure', 'Comedy', 'Drama']",15.26,7.995,"['Charlie Chaplin', 'James Dime', 'Mack Swain', 'Heinie Conklin', 'Henry Bergman', 'Larry Steers', 'Malcolm Waite', 'Georgia Hale', 'Frank Rice', 'Steve Murphy']","['Alaska', 'girl', 'gold', 'prospector', 'struggles', 'survive', 'elements', 'win', 'heart', 'dance']"
159,160,The Graduate,37247,The Graduate,['Mike Nichols'],"['AVCO Embassy Pictures', 'Mike Nichols Productions', 'Lawrence Turman Productions']","['Drama', 'Romance', 'Comedy']",37.511,7.6,"['Dustin Hoffman', 'Kevin Tighe', 'Katharine Ross', 'William Daniels', 'Richard Dreyfuss', 'Murray Hamilton', 'Ben Murphy', 'Anne Bancroft', 'Mike Farrell', 'Norman Fell']","['Benjamin', 'future', 'finds', 'daughter', 'recent', 'college', 'graduate', 'worried', 'love', 'triangle']"
160,161,The Grapes of Wrath,596,The Grapes of Wrath,['John Ford'],['20th Century Fox'],['Drama'],17.295,7.8,"['Henry Fonda', 'John Carradine', 'Frank Faylen', 'Ward Bond', 'Mae Marsh', 'Trevor Bardette', 'Joe Sawyer', 'Darryl Hickman', 'Russell Simpson', 'Robert J. Anderson']","['Joad', 'Tom', 'foreclosure', 'farm', 'returns', 'home', 'jail', 'sentence', 'find', 'family']"
161,162,The Great Dictator,914,The Great Dictator,['Charlie Chaplin'],['Charles Chaplin Productions'],"['Comedy', 'War']",28.841,8.3,"['Charlie Chaplin', 'Paulette Goddard', 'Charles Irwin', 'Hans Conried', 'Henry Daniell', 'Maurice Moscovitch', 'Billy Gilbert', 'Eddie Dunn', 'Lucien Prival', 'Rudolph Anders']","['Hynkel', 'Adenoid', 'Jewish', 'Dictator', 'regime', 'expand', 'empire', 'poor', 'barber', 'avoid']"
162,163,The Great Escape,5925,The Great Escape,['John Sturges'],"['The Mirisch Company', 'United Artists']","['Adventure', 'Drama', 'War']",37.095,7.9,"['James Garner', 'Charles Bronson', 'David McCallum', 'James Coburn', 'Steve McQueen', 'Donald Pleasence', 'Gordon Jackson', 'Richard Attenborough', 'William Russell', 'Tom Adams']","['Nazis', 'number', 'Allied', 'war', 'escape-proof', 'exasperated', 'relocate', 'high-security', 'prisoners', 'camps']"
163,164,The Green Mile,497,The Green Mile,['Frank Darabont'],"['Castle Rock Entertainment', 'Darkwoods Productions']","['Fantasy', 'Drama', 'Crime']",157.809,8.507,"['Tom Hanks', 'James Cromwell', 'Sam Rockwell', 'Bonnie Hunt', 'Michael Clarke Duncan', 'Harry Dean Stanton', 'Doug Hutchison', 'Brian Libby', 'Bill McKinney', 'Barry Pepper']","['Southern', 'John', 'Coffey', 'prison', 'ailments', 'supernatural', 'tale', 'set', 'death', 'row']"
164,165,The Hobbit: An Unexpected Journey,49051,The Hobbit: An Unexpected Journey,['Peter Jackson'],"['New Line Cinema', 'Metro-Goldwyn-Mayer', 'WingNut Films', 'Warner Bros. Pictures']","['Adventure', 'Fantasy', 'Action']",166.099,7.357,"['Andy Serkis', 'Christopher Lee', 'Benedict Cumberbatch', 'Ian McKellen', 'Cate Blanchett', 'Elijah Wood', 'Hugo Weaving', 'Martin Freeman', 'Manu Bennett', 'Lee Pace']","['Baggins', 'Smaug', 'Gandalf', 'Grey', 'Bilbo', 'life', 'dragon', 'hobbit', 'enjoying', 'quiet']"
165,166,The Hustler,990,The Hustler,['Robert Rossen'],"['Rossen Films', '20th Century Fox']","['Drama', 'Romance']",20.217,7.677,"['Paul Newman', 'Michael Constantine', 'George C. Scott', 'Murray Hamilton', 'Piper Laurie', 'Jackie Gleason', 'Vincent Gardenia', 'Stefan Gierasch', 'Carolyn Coates', 'Myron McCormick']","['Eddie', 'Felson', 'Fast', 'attitude', 'small-time', 'pool', 'hustler', 'lot', 'talent', 'self-destructive']"
166,167,The Kid,10098,The Kid,['Charlie Chaplin'],['Charles Chaplin Productions'],"['Comedy', 'Drama']",41.679,8.2,"['Charlie Chaplin', 'Jackie Coogan', 'Edna Purviance', 'Lew Parker', 'Henry Bergman', 'Esther Ralston', 'Carl Miller', 'Charles Reisner', 'Lita Grey', 'Edward Biby']","['mother', 'tramp', 'cares', 'boy', 'abandoned', 'newborn', 'son', 'change', 'heart', 'aches']"
167,168,The Killing,247,The Killing,['Stanley Kubrick'],"['United Artists', 'Harris-Kubrick Productions']","['Crime', 'Thriller']",22.056,7.655,"['Timothy Carey', 'William Benedict', 'Marie Windsor', 'Coleen Gray', 'Joe Turkel', 'Sterling Hayden', 'Ted de Corsia', 'Elisha Cook Jr.', 'Arthur Tovey', 'Joe Sawyer']","['Johnny', 'Clay', 'George', 'Career', 'sharpshooter', 'officer', 'married', 'criminal', 'recruits', 'crooked']"
168,169,The King's Speech,45269,The King's Speech,['Tom Hooper'],"['The Weinstein Company', 'See-Saw Films', 'Bedlam Productions']","['Drama', 'History']",32.538,7.7,"['Helena Bonham Carter', 'Colin Firth', 'Guy Pearce', 'Michael Gambon', 'Geoffrey Rush', 'Jennifer Ehle', 'Timothy Spall', 'Adrian Scarborough', 'Derek Jacobi', 'Anthony Andrews']","['Bertie', 'George', 'Queen', 'Elizabeth', 'King', 'Speech', 'story', 'man', 'father', 'Logue']"
169,170,The Lion King,8587,The Lion King,"['Roger Allers', 'Rob Minkoff']","['Walt Disney Pictures', 'Walt Disney Feature Animation']","['Family', 'Animation', 'Drama']",127.371,8.3,"['James Earl Jones', 'Jeremy Irons', 'Whoopi Goldberg', 'Rowan Atkinson', 'Matthew Broderick', 'Frank Welker', 'Moira Kelly', 'Jonathan Taylor Thomas', 'Nathan Lane', 'Robert Guillaume']","['prince', 'father', 'uncle', 'lion', 'cast', 'pride', 'cruel', 'claims', 'killed', 'young']"
170,171,The Lord of the Rings: The Two Towers,121,The Lord of the Rings: The Two Towers,['Peter Jackson'],"['New Line Cinema', 'WingNut Films', 'The Saul Zaentz Company']","['Adventure', 'Fantasy', 'Action']",141.436,8.4,"['Sean Astin', 'Andy Serkis', 'Christopher Lee', 'Ian McKellen', 'Orlando Bloom', 'Cate Blanchett', 'Elijah Wood', 'Liv Tyler', 'Viggo Mortensen', 'Hugo Weaving']","['Baggins', 'Ring', 'Isengard', 'Fellowship', 'Saruman', 'Mordor', 'Tower', 'Orthanc', 'Frodo', 'destroy']"
171,172,The Maltese Falcon,963,The Maltese Falcon,['John Huston'],['Warner Bros. Pictures'],"['Mystery', 'Crime', 'Thriller']",22.717,7.709,"['Humphrey Bogart', 'Peter Lorre', 'Barton MacLane', 'Jerome Cowan', 'Ward Bond', 'Lee Patrick', 'James Burke', 'Gladys George', 'Elisha Cook Jr.', 'William Hopper']","['criminals', 'liar', 'statuette', 'private', 'detective', 'case', 'involves', 'eccentric', 'beautiful', 'quest']"
172,173,The Man Who Shot Liberty Valance,11697,The Man Who Shot Liberty Valance,['John Ford'],"['Paramount Pictures', 'John Ford Productions']",['Western'],26.006,7.78,"['Vera Miles', 'John Wayne', 'Denver Pyle', 'James Stewart', 'Lee Van Cleef', 'Strother Martin', 'Jeanette Nolan', 'John Carradine', 'Carleton Young', ""Edmond O'Brien""]","['Stoddard', 'James', 'Stewart', 'John', 'Wayne', 'Doniphon', 'Senator', 'Tom', 'Western', 'Valance']"
173,174,The Manchurian Candidate,982,The Manchurian Candidate,['John Frankenheimer'],"['MC Productions', 'United Artists']","['Thriller', 'Drama']",25.348,7.524,"['Angela Lansbury', 'Henry Silva', 'James Gregory', 'Laurence Harvey', 'Reggie Nalder', 'Janet Leigh', 'Leslie Parrish', 'Douglas Henderson', 'Whit Bissell', 'Arthur Tovey']","['War', 'Korean', 'platoon', 'soldiers', 'brainwashed', 'end', 'captured', 'communists', 'Sergeant', 'Raymond']"
174,175,The Matrix,603,The Matrix,"['Lana Wachowski', 'Lilly Wachowski']","['Village Roadshow Pictures', 'Groucho II Film Partnership', 'Silver Pictures', 'Warner Bros. Pictures']","['Action', 'Science Fiction']",110.9,8.218,"['Keanu Reeves', 'Hugo Weaving', 'Robert Taylor', 'Laurence Fishburne', 'Carrie-Anne Moss', 'Joe Pantoliano', 'Marcus Chong', 'Belinda McClory', 'Gloria Foster', 'Matt Doran']","['century', 'Matrix', 'Set', 'earth', 'story', 'hacker', 'joins', 'group', 'underground', 'insurgents']"
175,176,The Night of the Hunter,3112,The Night of the Hunter,['Charles Laughton'],"['Paul Gregory Productions', 'United Artists']","['Crime', 'Drama', 'Thriller']",44.461,7.9,"['Lillian Gish', 'Robert Mitchum', 'Peter Graves', 'Shelley Winters', 'Roy Engel', 'James Gleason', 'Gloria Castillo', 'Paul Bryar', 'James Griffith', 'Don Beddoe']","['Virginia', 'Depression-era', 'West', 'money', 'serial-killing', 'preacher', 'hunts', 'young', 'children', 'whereabouts']"
176,177,The Pianist,423,The Pianist,['Roman Polanski'],"['Canal+ Polska', 'Bac Films', 'Heritage Films', 'Studio Babelsberg', 'Agencja Produkcji Filmowej', 'R.P. Productions', 'StudioCanal', 'Canal+', 'TVP', 'Runteam']","['Drama', 'War']",47.528,8.381,"['Adrien Brody', 'Emilia Fox', 'Morgane Polanski', 'Thomas Kretschmann', 'John Bennett', 'Andrew Tiernan', 'Michał Żebrowski', 'Frank Finlay', 'Ronan Vibert', 'Ed Stoppard']","['Władysław', 'Warsaw', 'Nazi', 'Szpilman', 'occupation', 'true', 'story', 'pianist', 'experiences', 'city']"
177,178,The Prestige,1124,The Prestige,['Christopher Nolan'],"['Warner Bros. Pictures', 'Touchstone Pictures', 'Newmarket Films', 'Syncopy']","['Drama', 'Mystery', 'Science Fiction']",114.869,8.2,"['Scarlett Johansson', 'Hugh Jackman', 'Andy Serkis', 'Christian Bale', 'Rebecca Hall', 'Michael Caine', 'Piper Perabo', 'Daniel Davis', 'Enn Reitel', 'Roger Rees']","['supremacy', 'full', 'obsession', 'deceit', 'consequences', 'mysterious', 'story', 'magicians', 'intense', 'rivalry']"
178,179,The Princess Bride,2493,The Princess Bride,['Rob Reiner'],"['The Princess Bride Ltd.', 'Buttercup Films Ltd.', 'Act III Productions']","['Adventure', 'Family', 'Fantasy', 'Comedy', 'Romance']",62.065,7.7,"['Cary Elwes', 'Carol Kane', 'Robin Wright', 'Billy Crystal', 'Peter Falk', 'Wallace Shawn', 'Chris Sarandon', 'Fred Savage', 'Mandy Patinkin', 'Christopher Guest']","['Sicilians', 'Princess', 'Buttercup', 'Westley', 'tale', 'swordsmen', 'murderous', 'princes', 'size', 'enchantingly']"
179,180,The Shawshank Redemption,278,The Shawshank Redemption,['Frank Darabont'],['Castle Rock Entertainment'],"['Drama', 'Crime']",230.79,8.7,"['Morgan Freeman', 'Clancy Brown', 'Tim Robbins', 'Brian Libby', 'Bob Gunton', 'William Sadler', 'Mark Rolston', 'Gil Bellows', 'Paul McCrane', 'James Whitmore']","['Andy', 'Shawshank', 'Dufresne', 'prison', 'Imprisoned', 'lover', 'upstanding', 'warden', 'double', 'murder']"
180,181,The Shining,694,The Shining,['Stanley Kubrick'],"['Warner Bros. Pictures', 'Peregrine', 'Hawk Films', 'The Producer Circle Co.']","['Horror', 'Thriller']",105.437,8.2,"['Jack Nicholson', 'Shelley Duvall', 'Danny Lloyd', 'Anne Jackson', 'Barry Nelson', 'Scatman Crothers', 'Joe Turkel', 'Tony Burton', 'Jana Shelden', 'Philip Stone']","['Hotel', 'Danny', 'Torrance', 'Overlook', 'Wendy', 'Jack', 'winter', 'accepts', 'caretaker', 'job']"
181,182,The Silence of the Lambs,274,The Silence of the Lambs,['Jonathan Demme'],"['Orion Pictures', 'Strong Heart']","['Crime', 'Drama', 'Thriller']",17.305,8.3,"['Anthony Hopkins', 'Jodie Foster', 'Ted Levine', 'Brooke Smith', 'Scott Glenn', 'Frankie Faison', 'Brent Hinkley', 'Chris Isaak', 'Diane Baker', 'Daniel von Bargen']","['FBI', 'Clarice', 'Starling', 'academy', 'Lecter', 'Crawford', 'top', 'student', 'training', 'Hannibal']"
182,183,The Sixth Sense,745,The Sixth Sense,['M. Night Shyamalan'],"['Spyglass Entertainment', 'The Kennedy/Marshall Company', 'Hollywood Pictures', 'Barry Mendel Productions']","['Mystery', 'Thriller', 'Drama']",67.614,8.0,"['Bruce Willis', 'Haley Joel Osment', 'Mischa Barton', 'M. Night Shyamalan', 'Olivia Williams', 'Donnie Wahlberg', 'Toni Collette', 'Trevor Morgan', 'Lisa Summerour', 'KaDee Strickland']","['Sear', 'Malcolm', 'Crowe', 'Cole', 'tragedy', 'child', 'secret', 'unexpected', 'psychologist', 'meets']"
183,184,The Sting,9277,The Sting,['George Roy Hill'],"['Universal Pictures', 'Zanuck/Brown Productions', 'David Brown Productions']","['Comedy', 'Crime', 'Drama']",23.376,8.024,"['Robert Redford', 'Paul Newman', 'Charles Durning', 'William Benedict', 'Dana Elcar', 'Robert Shaw', 'Kathleen Freeman', 'Harold Gould', 'Eileen Brennan', 'Ray Walston']","['con', 'mobster', 'novice', 'man', 'teams', 'acknowledged', 'master', 'avenge', 'murder', 'mutual']"
184,185,The Terminator,218,The Terminator,['James Cameron'],"['Hemdale', 'Pacific Western']","['Action', 'Thriller', 'Science Fiction']",103.024,7.661,"['Arnold Schwarzenegger', 'Linda Hamilton', 'Bill Paxton', 'Lance Henriksen', 'Michael Biehn', 'Brian Thompson', 'Earl Boen', 'Paul Winfield', 'Rick Rossovich', 'Dick Miller']","['Terminator', 'Connor', 'Sarah', 'future', 'reigning', 'back', 'century', 'hegemony', 'post-apocalyptic', 'tyrannical']"
185,186,The Thing,1091,The Thing,['John Carpenter'],"['Universal Pictures', 'The Turman-Foster Company']","['Horror', 'Mystery', 'Science Fiction']",66.356,8.1,"['John Carpenter', 'Kurt Russell', 'Adrienne Barbeau', 'Keith David', 'Wilford Brimley', 'Donald Moffat', 'Richard Masur', 'David Clennon', 'Richard Dysart', 'Peter Maloney']","['years', 'Antarctic', 'research', 'winter', 'twelve-man', 'team', 'remote', 'station', 'discovers', 'alien']"
186,187,The Third Man,1092,The Third Man,['Carol Reed'],['London Films Productions'],"['Thriller', 'Mystery']",24.307,7.921,"['Orson Welles', 'Wilfrid Hyde-White', 'Alida Valli', 'Trevor Howard', 'Geoffrey Keen', 'Joseph Cotten', 'Bernard Lee', 'Robert Brown', 'Carol Reed', 'Theodore Gottlieb']","['Austria', 'Vienna', 'Holly', 'Westerns', 'Lime', 'Harry', 'Martins', 'arrives', 'died', 'Anna']"
187,188,The Treasure of the Sierra Madre,3090,The Treasure of the Sierra Madre,['John Huston'],['Warner Bros. Pictures'],"['Adventure', 'Drama', 'Western']",27.195,8.0,"['Jay Silverheels', 'Humphrey Bogart', 'Barton MacLane', 'Robert Blake', 'Alfonso Bedoya', 'John Huston', 'Tim Holt', 'Martín Garralaga', 'Jack Holt', 'Walter Huston']","['Americans', 'Mexico', 'gold', 'jobless', 'convince', 'prospector', 'travel', 'mountains', 'search', 'wilderness']"
188,189,The Truman Show,37165,The Truman Show,['Peter Weir'],"['Paramount Pictures', 'Scott Rudin Productions']","['Comedy', 'Drama']",81.336,8.144,"['Jim Carrey', 'Natascha McElhone', 'Paul Giamatti', 'Ed Harris', 'Holland Taylor', 'Laura Linney', 'Noah Emmerich', 'Peter Krause', 'Marc Macaulay', 'Una Damon']","['Burbank', 'Truman', 'day', 'born', 'years', 'running', 'history', 'thirty', 'unwitting', 'star']"
189,190,The Untouchables,117,The Untouchables,['Brian De Palma'],"['Paramount Pictures', 'The Linson Company']","['Crime', 'History', 'Thriller']",44.131,7.765,"['Kevin Costner', 'Robert De Niro', 'Andy García', 'Sean Connery', 'Patricia Clarkson', 'Billy Drago', 'Joe Greco', 'Charles Martin Smith', 'Clifton James', 'John Barrowman']","['Ness', 'Capone', 'Elliot', 'agent', 'Untouchables', 'ambitious', 'prohibition', 'determined', 'goal', 'nickname']"
190,191,The Usual Suspects,629,The Usual Suspects,['Bryan Singer'],"['Bad Hat Harry Productions', 'Blue Parrot Productions']","['Drama', 'Crime', 'Thriller']",46.363,8.2,"['Giancarlo Esposito', 'Benicio del Toro', 'Pete Postlethwaite', 'Stephen Baldwin', 'Dan Hedaya', 'Chazz Palminteri', 'Kevin Spacey', 'Gabriel Byrne', 'Clark Gregg', 'Peter Greene']","['Keyser', 'Soze', 'Verbal', 'Kint', 'San', 'Pedro', 'Held', 'interrogation', 'room', 'exists']"
191,192,The Wild Bunch,576,The Wild Bunch,['Sam Peckinpah'],['Warner Bros.-Seven Arts'],['Western'],38.427,7.599,"['Ernest Borgnine', 'William Holden', 'L.Q. Jones', 'Strother Martin', 'José Chávez', ""Edmond O'Brien"", 'Bo Hopkins', 'Robert Ryan', 'Warren Oates', 'Emilio Fernández']","['traditional', 'American', 'West', 'aging', 'group', 'outlaws', 'big', 'score', 'disappearing']"
192,193,The Wizard of Oz,630,The Wizard of Oz,['Victor Fleming'],['Metro-Goldwyn-Mayer'],"['Adventure', 'Fantasy', 'Family']",68.389,7.6,"['Ray Bolger', 'Adriana Caselotti', 'Buddy Ebsen', 'Jack Haley', 'Margaret Hamilton', 'Pinto Colvig', 'Bert Lahr', 'Angelo Rossitto', 'Judy Garland', 'Harry Earles']","['Dorothy', 'Wizard', 'Young', 'lion', 'lives', 'makes', 'make', 'finds', 'magical', 'world']"
193,194,There Will Be Blood,7345,There Will Be Blood,['Paul Thomas Anderson'],"['Paramount Vantage', 'Miramax', 'JoAnne Sellar Productions', 'Ghoulardi Film Company']",['Drama'],37.638,8.1,"['Ciarán Hinds', 'Paul Dano', ""Kevin J. O'Connor"", 'Daniel Day-Lewis', 'Paul F. Tompkins', 'Randall Carver', 'Jim Meskimen', 'David Warshofsky', 'Barry Del Sherman', 'David Willis']","['Daniel', 'California', 'Plainview', 'Ruthless', 'miner', 'turned', 'prospector', 'moves', 'silver', 'oil']"
194,195,To Kill a Mockingbird,595,To Kill a Mockingbird,['Robert Mulligan'],"['Pakula-Mulligan', 'Brentwood Productions']",['Drama'],35.129,8.0,"['Robert Duvall', 'Brock Peters', 'Gregory Peck', 'William Windom', 'John Megna', 'Cap Somers', 'Mary Badham', 'Paul Fix', 'Rosemary Murphy', 'Arthur Tovey']","['Alabama', 'Finch', 'Maycomb', 'Boo', 'Radley', 'Jem', 'Dill', 'Scout', 'spending', 'neighbor']"
195,196,Tonari no Totoro,8392,My Neighbor Totoro,['宮崎駿'],"['Studio Ghibli', 'Nibariki', 'Tokuma Shoten']","['Fantasy', 'Animation', 'Family']",75.908,8.1,"['中村大樹', '大谷育江', '千葉繁', '坂本千夏', '日髙のり子', '島本須美', '平松晶子', '龍田直樹', '水谷優子', 'TARAKO']","['Totoros', 'mother', 'magical', 'forest', 'spirits', 'move', 'country', 'father', 'order', 'closer']"
196,197,Touch of Evil,1480,Touch of Evil,['Orson Welles'],['Universal International Pictures'],"['Crime', 'Thriller', 'Mystery']",27.881,7.757,"['Orson Welles', 'Charlton Heston', 'Dennis Weaver', 'Ray Collins', 'William Tannen', 'Mercedes McCambridge', 'Janet Leigh', 'Joseph Cotten', 'Joanna Moore', 'Keenan Wynn']","['American', 'Mexico', 'Mexican', 'Vargas', 'Miguel', 'Hank', 'Quinlan', 'border', 'begins', 'Menzies']"
197,198,Toy Story,862,Toy Story,['John Lasseter'],['Pixar'],"['Animation', 'Adventure', 'Family', 'Comedy']",122.612,7.971,"['Tom Hanks', 'Annie Potts', 'Wallace Shawn', 'Tim Allen', 'Erik von Detten', 'Laurie Metcalf', 'Debi Derryberry', 'John Lasseter', 'John Ratzenberger', 'Andrew Stanton']","['Andy', 'Lightyear', 'Woody', 'Buzz', 'Led', 'scene', 'toys', 'live', 'happily', 'room']"
198,199,Trainspotting,627,Trainspotting,['Danny Boyle'],"['Figment Films', 'Film4 Productions', 'The Noel Gay Motion Picture Company']","['Drama', 'Crime']",41.585,8.0,"['Ewan McGregor', 'Kelly Macdonald', 'Kevin McKidd', 'Jonny Lee Miller', 'Shirley Henderson', 'Robert Carlyle', 'Peter Mullan', 'James Cosmo', 'Ewen Bremner', 'Kate Donnelly']","['Spud', 'Tommy', 'Renton', 'Sick', 'Boy', 'Mark', 'Begbie', 'Heroin', 'friends', 'Diane']"
199,200,Trois couleurs: Rouge,110,Three Colors: Red,['Krzysztof Kieślowski'],"['MK2 Films', 'France 3 Cinéma', 'CAB Productions', 'Studio Filmowe Tor', 'TSR']","['Drama', 'Mystery', 'Romance']",23.742,7.9,"['Julie Delpy', 'Juliette Binoche', 'Jean-Louis Trintignant', 'Irène Jacob', 'Samuel Le Bihan', 'Jean-Pierre Lorit', 'Teco Celio', 'Benoît Régent', 'Zbigniew Zamachowski', 'Frédérique Feder']","['Valentine', 'dog', 'Part-time', 'model', 'unexpectedly', 'befriends', 'retired', 'judge', 'runs', 'calls']"
