,MOVIE_ID,TITLE,TMDB_ID,title,production_companies,genres,popularity,rating,overview
0,1,12 Angry Men,389,12 Angry Men,"['United Artists', 'Orion-Nova Productions']",['Drama'],70.722,8.545,"The defense and the prosecution have rested and the jury is filing into the jury room to decide if a young Spanish-American is guilty or innocent of murdering his father. What begins as an open and shut case soon becomes a mini-drama of each of the jurors' prejudices and preconceptions about the trial, the accused, and each other."
1,2,2001: A Space Odyssey,62,2001: A Space Odyssey,"['Kubrick Productions', 'Metro-Goldwyn-Mayer']","['Science Fiction', 'Mystery', 'Adventure']",77.925,8.1,"Humanity finds a mysterious object buried beneath the lunar surface and sets off to find its origins with the help of HAL 9000, the world's most advanced super computer."
2,3,3 Idiots,20453,3 Idiots,"['Vidhu Vinod Chopra Productions', 'Vinod Chopra Films']","['Drama', 'Comedy']",30.586,8.0,"Rascal. Joker. Dreamer. Genius... You've never met a college student quite like ""Rancho."" From the moment he arrives at India's most prestigious university, Rancho's outlandish schemes turn the campus upside down—along with the lives of his two newfound best friends. Together, they make life miserable for ""Virus,"" the school’s uptight and heartless dean. But when Rancho catches the eye of the dean's daughter, Virus sets his sights on flunking out the ""3 idiots"" once and for all."
3,4,A Beautiful Mind,453,A Beautiful Mind,"['Universal Pictures', 'DreamWorks Pictures', 'Imagine Entertainment']","['Drama', 'Romance']",49.376,7.9,"Brilliant mathematician, John Nash, is on the brink of international acclaim when he becomes entangled in a mysterious conspiracy."
4,5,A Clockwork Orange,185,A Clockwork Orange,"['Warner Bros. Pictures', 'Hawk Films', 'Kubrick Productions', 'Polaris Productions Limited']","['Science Fiction', 'Crime']",63.517,8.2,"In a near-future Britain, young Alexander DeLarge and his pals get their kicks beating and raping anyone they please. When not destroying the lives of others, Alex swoons to the music of Beethoven. The state, eager to crack down on juvenile crime, gives an incarcerated Alex the option to undergo an invasive procedure that'll rob him of all personal agency. In a time when conscience is a commodity, can Alex change his tune?"
5,6,A Streetcar Named Desire,702,A Streetcar Named Desire,"['Charles K. Feldman Group', 'Warner Bros. Pictures']","['Drama', 'Thriller']",30.004,7.6,A fading southern belle moves in with her sister in New Orleans where her ferocious brother-in-law takes stabs at her sanity.
6,7,Alien,348,Alien,"['20th Century Fox', 'Brandywine Productions']","['Horror', 'Science Fiction']",150.935,8.157,"During its return to the earth, commercial spaceship Nostromo intercepts a distress signal from a distant planet. When a three-member team of the crew discovers a chamber containing thousands of eggs on the planet, a creature inside one of the eggs attacks an explorer. The entire crew is unaware of the impending nightmare set to descend upon them when the alien parasite planted inside its unfortunate host is birthed."
7,8,All About Eve,705,All About Eve,['20th Century Fox'],['Drama'],22.181,8.1,"From the moment she glimpses her idol at the stage door, Eve Harrington is determined to take the reins of power away from the great actress Margo Channing. Eve maneuvers her way into Margo's Broadway role, becomes a sensation and even causes turmoil in the lives of Margo's director boyfriend, her playwright and his wife. Only the cynical drama critic sees through Eve, admiring her audacity and perfect pattern of deceit."
8,9,All Quiet on the Western Front,143,All Quiet on the Western Front,['Universal Pictures'],"['Drama', 'War']",30.527,7.758,"When a group of idealistic young men join the German Army during the Great War, they are assigned to the Western Front, where their patriotism is destroyed by the harsh realities of combat."
9,10,Amadeus,279,Amadeus,['The Saul Zaentz Company'],"['History', 'Music', 'Drama']",34.542,8.031,Disciplined Italian composer Antonio Salieri becomes consumed by jealousy and resentment towards the hedonistic and remarkably talented young Viennese composer Wolfgang Amadeus Mozart.
10,11,American Beauty,14,American Beauty,"['DreamWorks Pictures', 'Jinks/Cohen Company']",['Drama'],61.239,8.0,"Lester Burnham, a depressed suburban father in a mid-life crisis, decides to turn his hectic life around after developing an infatuation with his daughter's attractive friend."
11,12,American History X,73,American History X,"['New Line Cinema', 'Savoy Pictures', 'The Turman-Morrissey Company']",['Drama'],46.55,8.344,"Derek Vineyard is paroled after serving 3 years in prison for killing two African-American men. Through his brother, Danny Vineyard's narration, we learn that before going to prison, Derek was a skinhead and the leader of a violent white supremacist gang that committed acts of racial crime throughout L.A. and his actions greatly influenced Danny. Reformed and fresh out of prison, Derek severs contact with the gang and becomes determined to keep Danny from going down the same violent path as he did."
12,13,Amores perros,55,Amores Perros,"['Altavista Films', 'Zeta Film']","['Drama', 'Thriller']",32.55,7.6,"A fatalistic car crash in Mexico city sets off a chain of events in the lives of three people: a supermodel, a young man wanting to run off with his sister-in-law, and a homeless man. Their lives are catapulted into unforeseen situations instigated by the seemingly inconsequential destiny of a dog."
13,14,Anatomy of a Murder,93,Anatomy of a Murder,"['Columbia Pictures', 'Otto Preminger Films']","['Crime', 'Drama', 'Mystery']",22.47,7.8,"Semi-retired Michigan lawyer Paul Biegler takes the case of Army Lt. Manion, who murdered a local innkeeper after his wife claimed that he raped her. Over the course of an extensive trial, Biegler parries with District Attorney Lodwick and out-of-town prosecutor Claude Dancer to set his client free, but his case rests on the victim's mysterious business partner, who's hiding a dark secret."
14,15,Annie Hall,703,Annie Hall,"['United Artists', 'Rollins-Joffe Productions']","['Comedy', 'Drama', 'Romance']",32.678,7.7,New York comedian Alvy Singer falls in love with the ditsy Annie Hall.
15,16,Apocalypse Now,28,Apocalypse Now,"['United Artists', 'American Zoetrope']","['Drama', 'War']",65.041,8.3,"At the height of the Vietnam war, Captain Benjamin Willard is sent on a dangerous mission that, officially, ""does not exist, nor will it ever exist."" His goal is to locate - and eliminate - a mysterious Green Beret Colonel named Walter Kurtz, who has been leading his personal army on illegal guerrilla missions into enemy territory."
16,17,Arsenic and Old Lace,212,Arsenic and Old Lace,['Warner Bros. Pictures'],"['Comedy', 'Crime']",21.03,7.6,"Mortimer Brewster, a newspaper drama critic, playwright, and author known for his diatribes against marriage, suddenly falls in love and gets married;  but when he makes a quick trip home to tell his two maiden aunts, he finds out his aunts' hobby - killing lonely old men and burying them in the cellar!"
17,18,Back to the Future,105,Back to the Future,"['Universal Pictures', 'Amblin Entertainment']","['Adventure', 'Comedy', 'Science Fiction']",93.368,8.317,"Eighties teenager Marty McFly is accidentally sent back in time to 1955, inadvertently disrupting his parents' first meeting and attracting his mother's romantic interest. Marty must repair the damage to history by rekindling his parents' romance and - with the help of his eccentric inventor friend Doc Brown - return to 1985."
18,19,Barry Lyndon,3175,Barry Lyndon,"['Warner Bros. Pictures', 'Hawk Films', 'Peregrine']","['Drama', 'Romance', 'War', 'History']",37.881,8.0,"An Irish rogue uses his cunning and wit to work his way up the social classes of 18th century England, transforming himself from the humble Redmond Barry into the noble Barry Lyndon."
19,20,Batman Begins,272,Batman Begins,"['Warner Bros. Pictures', 'DC', 'Syncopy', 'Legendary Pictures', 'Patalex III Productions Limited']","['Action', 'Crime', 'Drama']",99.208,7.709,"Driven by tragedy, billionaire Bruce Wayne dedicates his life to uncovering and defeating the corruption that plagues his home, Gotham City.  Unable to work within the system, he instead creates a new identity, a symbol of fear for the criminal underworld - The Batman."
20,21,Beauty and the Beast,10020,Beauty and the Beast,"['Walt Disney Pictures', 'Silver Screen Partners IV', 'Walt Disney Feature Animation']","['Romance', 'Family', 'Animation', 'Fantasy']",150.485,7.736,"Follow the adventures of Belle, a bright young woman who finds herself in the castle of a prince who's been turned into a mysterious beast. With the help of the castle's enchanted staff, Belle soon learns the most important lesson of all -- that true beauty comes from within."
21,22,Before Sunrise,76,Before Sunrise,"['Castle Rock Entertainment', 'Detour Filmproduction', 'Filmhaus Films']","['Drama', 'Romance']",37.659,8.0,"A young man and woman meet on a train in Europe, and wind up spending one evening together in Vienna. Unfortunately, both know that this will probably be their only night together."
22,23,Ben-Hur,665,Ben-Hur,['Metro-Goldwyn-Mayer'],"['History', 'Drama', 'Adventure', 'Action']",60.865,7.881,"In 25 AD, Judah Ben-Hur, a Jew in ancient Judea, opposes the occupying Roman empire.  Falsely accused by a Roman childhood friend-turned-overlord of trying to kill the Roman governor, he is put into slavery and his mother and sister are taken away as prisoners."
23,24,Black Swan,44214,Black Swan,"['Fox Searchlight Pictures', 'Cross Creek Pictures', 'Protozoa Pictures', 'Phoenix Pictures', 'Dune Entertainment']","['Drama', 'Thriller', 'Horror']",62.29,7.7,"The story of Nina, a ballerina in a New York City ballet company whose life, like all those in her profession, is completely consumed with dance. She lives with her retired ballerina mother Erica who zealously supports her daughter's professional ambition. When artistic director Thomas Leroy decides to replace prima ballerina Beth MacIntyre for the opening production of their new season, Swan Lake, Nina is his first choice."
24,25,Blade Runner,78,Blade Runner,"['Shaw Brothers', 'The Ladd Company', 'Warner Bros. Pictures']","['Science Fiction', 'Drama', 'Thriller']",78.944,7.9,"In the smog-choked dystopian Los Angeles of 2019, blade runner Rick Deckard is called out of retirement to terminate a quartet of replicants who have escaped to Earth seeking their creator for a way to extend their short life spans."
25,26,Braveheart,197,Braveheart,"['Icon Entertainment International', 'The Ladd Company', 'B.H. Finance C.V.']","['Action', 'Drama', 'History', 'War']",54.991,7.9,"Enraged at the slaughter of Murron, his new bride and childhood love, Scottish warrior William Wallace slays a platoon of the local English lord's soldiers. This leads the village to revolt and, eventually, the entire country to rise up against English rule."
26,27,Butch Cassidy and the Sundance Kid,642,Butch Cassidy and the Sundance Kid,"['Campanile Productions', '20th Century Fox', 'George Roy Hill-Paul Monash Production', 'Newman-Foreman Company']","['Western', 'Adventure']",42.636,7.615,"In late 1890s Wyoming, Butch Cassidy is the affable, clever and talkative leader of the outlaw Hole in the Wall Gang. His closest companion is the laconic dead-shot Sundance Kid. As the west rapidly becomes civilized, the law finally catches up to Butch, Sundance and their gang.  Chased doggedly by a special posse, the two decide to make their way to South America in hopes of evading their pursuers once and for all."
27,28,Casablanca,289,Casablanca,['Warner Bros. Pictures'],"['Drama', 'Romance']",39.376,8.2,"In Casablanca, Morocco in December 1941, a cynical American expatriate meets a former lover, with unforeseen complications."
28,29,Casino,524,Casino,"['Universal Pictures', 'Syalis DA', 'Légende Films', 'Cappa/De Fina Productions']","['Crime', 'Drama']",43.617,8.0,"In early-1970s Las Vegas, Sam ""Ace"" Rothstein gets tapped by his bosses to head the Tangiers Casino. At first, he's a great success in the job, but over the years, problems with his loose-cannon enforcer Nicky Santoro, his ex-hustler wife Ginger, her con-artist ex Lester Diamond and a handful of corrupt politicians put Sam in ever-increasing danger."
29,30,Chinatown,829,Chinatown,"['Paramount Pictures', 'Long Road Productions', 'Robert Evans Company']","['Crime', 'Drama', 'Mystery', 'Thriller']",53.931,7.9,"Private eye Jake Gittes lives off of the murky moral climate of sunbaked, pre-World War II Southern California. Hired by a beautiful socialite to investigate her husband's extra-marital affair, Gittes is swept into a maelstrom of double dealings and deadly deceits, uncovering a web of personal and political scandals that come crashing together."
30,31,Cidade de Deus,598,City of God,"['O2 Filmes', 'VideoFilmes', 'Wild Bunch', 'Hank Levine Film & Music', 'Globo Filmes', 'Lumière']","['Drama', 'Crime']",64.157,8.4,"In the poverty-stricken favelas of Rio de Janeiro in the 1970s, two young men choose different paths. Rocket is a budding photographer who documents the increasing drug-related violence of his neighborhood, while José “Zé” Pequeno is an ambitious drug dealer diving into a dangerous life of crime."
31,32,Citizen Kane,15,Citizen Kane,"['Mercury Productions', 'RKO Radio Pictures']","['Mystery', 'Drama']",47.858,8.008,"Newspaper magnate Charles Foster Kane is taken from his mother as a boy and made the ward of a rich industrialist. As a result, every well-meaning, tyrannical or self-destructive move he makes for the rest of his life appears in some way to be a reaction to that deeply wounding event."
32,33,City Lights,901,City Lights,['Charles Chaplin Productions'],"['Comedy', 'Drama', 'Romance']",23.035,8.281,A tramp falls in love with a beautiful blind flower girl. His on-and-off friendship with a wealthy man allows him to be the girl's benefactor and suitor.
33,34,Cool Hand Luke,903,Cool Hand Luke,"['Warner Bros.-Seven Arts', 'Jalem Productions']","['Action', 'Drama', 'Crime']",37.445,7.73,"When petty criminal Luke Jackson is sentenced to two years in a Florida prison farm, he doesn't play by the rules of either the sadistic warden or the yard's resident heavy, Dragline, who ends up admiring the new guy's unbreakable will. Luke's bravado, even in the face of repeated stints in the prison's dreaded solitary confinement cell, ""the box,"" make him a rebel hero to his fellow convicts and a thorn in the side of the prison officers."
34,35,Die Hard,562,Die Hard,"['Gordon Company', 'Silver Pictures', '20th Century Fox']","['Action', 'Thriller']",43.929,7.793,"NYPD cop John McClane's plan to reconcile with his estranged wife is thrown for a serious loop when, minutes after he arrives at her office, the entire building is overtaken by a group of terrorists. With little help from the LAPD, wisecracking McClane sets out to single-handedly rescue the hostages and bring the bad guys down."
35,36,District 9,17654,District 9,"['TriStar Pictures', 'Block / Hanson', 'WingNut Films', 'District 9']",['Science Fiction'],38.142,7.447,"Thirty years ago, aliens arrive on Earth. Not to conquer or give aid, but to find refuge from their dying planet. Separated from humans in a South African area called District 9, the aliens are managed by Multi-National United, which is unconcerned with the aliens' welfare but will do anything to master their advanced technology. When a company field agent contracts a mysterious virus that begins to alter his DNA, there is only one place he can hide: District 9."
36,37,Django Unchained,68718,Django Unchained,"['The Weinstein Company', 'Columbia Pictures']","['Drama', 'Western']",95.894,8.181,"With the help of a German bounty hunter, a freed slave sets out to rescue his wife from a brutal Mississippi plantation owner."
37,38,Dog Day Afternoon,968,Dog Day Afternoon,"['Artists Entertainment Complex', 'Warner Bros. Pictures']","['Crime', 'Drama', 'Thriller']",33.975,7.8,"Based on the true story of would-be Brooklyn bank robbers John Wojtowicz and Salvatore Naturile. Sonny and Sal attempt a bank heist which quickly turns sour and escalates into a hostage situation and stand-off with the police. As Sonny's motives for the robbery are slowly revealed and things become more complicated, the heist turns into a media circus."
38,39,Donnie Darko,141,Donnie Darko,"['Flower Films', 'Gaylord Films', 'Adam Fields Productions', 'Pandora Cinema']","['Fantasy', 'Drama', 'Mystery']",50.651,7.8,"After narrowly escaping a bizarre accident, a troubled teenager is plagued by visions of a large bunny rabbit that manipulates him to commit a series of crimes."
39,40,Double Indemnity,996,Double Indemnity,['Paramount Pictures'],"['Crime', 'Thriller']",32.241,8.114,"A rich woman and a calculating insurance agent plot to kill her unsuspecting husband after he signs a double indemnity policy. Against a backdrop of distinctly Californian settings, the partners in crime plan the perfect murder to collect the insurance, which pays double if the death is accidental."
40,41,Dr. Strangelove or: How I Learned to Stop Worrying and Love the Bomb,935,Dr. Strangelove or: How I Learned to Stop Worrying and Love the Bomb,['Hawk Films'],"['Comedy', 'War']",56.923,8.119,"After the insane General Jack D. Ripper initiates a nuclear strike on the Soviet Union, a war room full of politicians, generals and a Russian diplomat all frantically try to stop the nuclear strike."
41,42,El laberinto del fauno,1417,Pan's Labyrinth,"['Estudios Picasso', 'Esperanto Filmoj', 'Tequila Gang', 'Telecinco Cinema']","['Fantasy', 'Drama', 'War']",52.195,7.8,"Living with her tyrannical stepfather in a new home with her pregnant mother, 10-year-old Ofelia feels alone until she explores a decaying labyrinth guarded by a mysterious faun who claims to know her destiny. If she wishes to return to her real father, Ofelia must complete three terrifying tasks."
42,43,Eternal Sunshine of the Spotless Mind,38,Eternal Sunshine of the Spotless Mind,"['Focus Features', 'Anonymous Content', 'This is that']","['Science Fiction', 'Drama', 'Romance']",86.214,8.1,"Joel Barish, heartbroken that his girlfriend underwent a procedure to erase him from her memory, decides to do the same. However, as he watches his memories of her fade away, he realises that he still loves her, and may be too late to correct his mistake."
43,44,Fanny och Alexander,5961,Fanny and Alexander,"['Cinematograph AB', 'Svenska Filminstitutet', 'SVT', 'Gaumont', 'Personafilm', 'Tobis']","['Fantasy', 'Drama', 'Mystery']",22.361,7.8,"As children in the loving Ekdahl family, Fanny and Alexander enjoy a happy life with their parents, who run a theater company. After their father dies unexpectedly, however, the siblings end up in a joyless home when their mother, Emilie, marries a stern bishop. The bleak situation gradually grows worse as the bishop becomes more controlling, but dedicated relatives make a valiant attempt to aid Emilie, Fanny and Alexander."
44,45,Fargo,275,Fargo,"['PolyGram Filmed Entertainment', 'Working Title Films']","['Crime', 'Drama', 'Thriller']",50.586,7.9,"Jerry, a small-town Minnesota car salesman is bursting at the seams with debt... but he's got a plan. He's going to hire two thugs to kidnap his wife in a scheme to collect a hefty ransom from his wealthy father-in-law. It's going to be a snap and nobody's going to get hurt... until people start dying. Enter Police Chief Marge, a coffee-drinking, parka-wearing - and extremely pregnant - investigator who'll stop at nothing to get her man. And if you think her small-time investigative skills will give the crooks a run for their ransom... you betcha!"
45,46,Festen,309,The Celebration,"['DR', 'SVT', 'Nimbus Film']",['Drama'],23.766,7.7,"The family of a wealthy businessman gather to celebrate his 60th birthday. During the course of the party, his three estranged children's traumas are revealed."
46,47,Fight Club,550,Fight Club,"['Fox 2000 Pictures', 'Regency Enterprises', 'The Linson Company', '20th Century Fox', 'Taurus Film']",['Drama'],106.668,8.439,"A ticking-time-bomb insomniac and a slippery soap salesman channel primal male aggression into a shocking new form of therapy. Their concept catches on, with underground ""fight clubs"" forming in every town, until an eccentric gets in the way and ignites an out-of-control spiral toward oblivion."
47,48,Finding Nemo,12,Finding Nemo,['Pixar'],"['Animation', 'Family']",117.336,7.819,"Nemo, an adventurous young clownfish, is unexpectedly taken from his Great Barrier Reef home to a dentist's office aquarium. It's up to his worrisome father Marlin and a friendly but forgetful fish Dory to bring Nemo home -- meeting vegetarian sharks, surfer dude turtles, hypnotic jellyfish, hungry seagulls, and more along the way."
48,49,Forrest Gump,13,Forrest Gump,"['Paramount Pictures', 'The Steve Tisch Company', 'Wendy Finerman Productions']","['Comedy', 'Drama', 'Romance']",187.629,8.472,"A man with a low IQ has accomplished great things in his life and been present during significant historic events—in each case, far exceeding what anyone imagined he could do. But despite all he has achieved, his one true love eludes him."
49,50,Full Metal Jacket,600,Full Metal Jacket,"['Natant', 'Kubrick Productions', 'Warner Bros. Pictures']","['Drama', 'War']",62.998,8.1,A pragmatic U.S. Marine observes the dehumanizing effects the U.S.-Vietnam War has on his fellow recruits from their brutal boot camp training to the bloody street fighting in Hue.
50,51,Gandhi,783,Gandhi,"['Goldcrest', 'Indo-British', 'International Film Investors', 'National Film Development Corporation of India', 'Columbia Pictures']","['Drama', 'History']",21.253,7.6,"In the early years of the 20th century, Mohandas K. Gandhi, a British-trained lawyer, forsakes all worldly possessions to take up the cause of Indian independence. Faced with armed resistance from the British government, Gandhi adopts a policy of 'passive resistance', endeavouring to win freedom for his people without resorting to bloodshed."
51,52,Gladiator,98,Gladiator,"['Universal Pictures', 'Scott Free Productions', 'Red Wagon Entertainment', 'Mill Film', 'DreamWorks Pictures']","['Action', 'Drama', 'Adventure']",152.294,8.2,"In the year 180, the death of emperor Marcus Aurelius throws the Roman Empire into chaos.  Maximus is one of the Roman army's most capable and trusted generals and a key advisor to the emperor.  As Marcus' devious son Commodus ascends to the throne, Maximus is set to be executed.  He escapes, but is captured by slave traders.  Renamed Spaniard and forced to become a gladiator, Maximus must battle to the death with other men for the amusement of paying audiences."
52,53,Gone with the Wind,770,Gone with the Wind,"['Selznick International Pictures', 'Metro-Goldwyn-Mayer']","['Drama', 'War', 'Romance']",49.05,7.9,The spoiled daughter of a Georgia plantation owner conducts a tumultuous romance with a cynical profiteer during the American Civil War and Reconstruction Era.
53,54,Good Will Hunting,489,Good Will Hunting,"['Miramax', 'Lawrence Bender Productions', 'Be Gentlemen Limited Partnership']",['Drama'],148.253,8.2,"When professors discover that an aimless janitor is also a math genius, a therapist helps the young man confront the demons that are holding him back."
54,55,Goodfellas,769,GoodFellas,['Winkler Films'],"['Drama', 'Crime']",85.398,8.5,"The true story of Henry Hill, a half-Irish, half-Sicilian Brooklyn kid who is adopted by neighbourhood gangsters at an early age and climbs the ranks of a Mafia family under the guidance of Jimmy Conway."
55,56,Gran Torino,13223,Gran Torino,"['Matten Productions', 'Double Nickel Entertainment', 'Gerber Pictures', 'Malpaso Productions', 'Village Roadshow Pictures', 'WV Films IV', 'Warner Bros. Pictures']",['Drama'],53.193,8.0,"Disgruntled Korean War veteran Walt Kowalski sets out to reform his neighbor, Thao Lor, a Hmong teenager who tried to steal Kowalski's prized possession: a 1972 Gran Torino."
56,57,Groundhog Day,137,Groundhog Day,['Columbia Pictures'],"['Romance', 'Fantasy', 'Drama', 'Comedy']",53.782,7.608,"A narcissistic TV weatherman, along with his attractive-but-distant producer, and his mawkish cameraman, is sent to report on Groundhog Day in the small town of Punxsutawney, where he finds himself repeating the same day over and over."
57,58,Harry Potter and the Deathly Hallows: Part 2,12445,Harry Potter and the Deathly Hallows: Part 2,"['Warner Bros. Pictures', 'Heyday Films']","['Fantasy', 'Adventure']",181.466,8.1,"Harry, Ron and Hermione continue their quest to vanquish the evil Voldemort once and for all. Just as things begin to look hopeless for the young wizards, Harry discovers a trio of magical objects that endow him with powers to rival Voldemort's formidable skills."
58,59,Harvey,11787,Harvey,['Universal International Pictures'],"['Comedy', 'Fantasy']",32.917,7.7,"The story of Elwood P. Dowd who makes friends with a spirit taking the form of a human-sized rabbit named Harvey that only he sees (and a few privileged others on occasion also.) After his sister tries to commit him to a mental institution, a comedy of errors ensues. Elwood and Harvey become the catalysts for a family mending its wounds and for romance blossoming in unexpected places."
59,60,Heat,949,Heat,"['Warner Bros. Pictures', 'Regency Enterprises', 'Forward Pass']","['Action', 'Crime', 'Drama']",90.958,7.9,Obsessive master thief Neil McCauley leads a top-notch crew on various daring heists throughout Los Angeles while determined detective Vincent Hanna pursues him without rest. Each man recognizes and respects the ability and the dedication of the other even though they are aware their cat-and-mouse game may end in violence.
60,61,High Noon,288,High Noon,"['Stanley Kramer Productions', 'United Artists']","['Western', 'Thriller']",29.607,7.7,"Will Kane, the sheriff of a small town in New Mexico, learns a notorious outlaw he put in jail has been freed, and will be arriving on the noon train. Knowing the outlaw and his gang are coming to kill him, Kane is determined to stand his ground, so he attempts to gather a posse from among the local townspeople."
61,62,Hotel Rwanda,205,Hotel Rwanda,"['Lionsgate', 'United Artists', 'The Department of Trade, Industry and Competition of South Africa', 'Miracle Pictures', 'Seamus', 'Inside Track', 'Kiagli Releasing', 'Mikado Film']","['Drama', 'History', 'War']",23.346,7.7,"Inspired by true events, this film takes place in Rwanda in the 1990s when more than a million Tutsis were killed in a genocide that went mostly unnoticed by the rest of the world. Hotel owner Paul Rusesabagina houses over a thousand refuges in his hotel in attempt to save their lives."
62,63,How to Train Your Dragon,10191,How to Train Your Dragon,['DreamWorks Animation'],"['Fantasy', 'Adventure', 'Animation', 'Family']",134.651,7.8,"As the son of a Viking leader on the cusp of manhood, shy Hiccup Horrendous Haddock III faces a rite of passage: he must kill a dragon to prove his warrior mettle. But after downing a feared dragon, he realizes that he no longer wants to destroy it, and instead befriends the beast – which he names Toothless – much to the chagrin of his warrior father."
63,64,"Il buono, il brutto, il cattivo",429,"The Good, the Bad and the Ugly","['United Artists', 'PEA', 'Arturo González PC', 'Constantin Film']",['Western'],90.759,8.5,"While the Civil War rages on between the Union and the Confederacy, three men – a quiet loner, a ruthless hitman, and a Mexican bandit – comb the American Southwest in search of a strongbox containing $200,000 in stolen gold."
64,65,In the Name of the Father,7984,In the Name of the Father,"[""Hell's Kitchen"", 'Universal Pictures']",['Drama'],24.98,7.902,"A small time thief from Belfast, Gerry Conlon, is falsely implicated in the IRA bombing of a pub that kills several people while he is in London. He and his four friends are coerced by British police into confessing their guilt. Gerry's father and other relatives in London are also implicated in the crime. He spends fifteen years in prison with his father trying to prove his innocence."
65,66,Incendies,46738,Incendies,"['TS Productions', 'Phi Group', 'micro_scope']","['Drama', 'War', 'Mystery']",33.042,8.1,"A mother's last wishes send twins Jeanne and Simon on a journey to Middle East in search of their tangled roots. Adapted from Wajdi Mouawad's acclaimed play, Incendies tells the powerful and moving tale of two young adults' voyage to the core of deep-rooted hatred, never-ending wars and enduring love."
66,67,Inception,27205,Inception,"['Legendary Pictures', 'Syncopy', 'Warner Bros. Pictures']","['Action', 'Science Fiction', 'Adventure']",125.398,8.368,"Cobb, a skilled thief who commits corporate espionage by infiltrating the subconscious of his targets is offered a chance to regain his old life as payment for a task considered to be impossible: ""inception"", the implantation of another person's idea into a target's subconscious."
67,68,Indiana Jones and the Last Crusade,89,Indiana Jones and the Last Crusade,"['Paramount Pictures', 'Lucasfilm Ltd.']","['Adventure', 'Action']",52.354,7.85,"In 1938, an art collector appeals to eminent archaeologist Dr. Indiana Jones to embark on a search for the Holy Grail. Indy learns that a medieval historian has vanished while searching for it, and the missing man is his own father, Dr. Henry Jones Sr.. He sets out to rescue his father by following clues in the old man's notebook, which his father had mailed to him before he went missing. Indy arrives in Venice, where he enlists the help of a beautiful academic, Dr. Elsa Schneider, along with Marcus Brody and Sallah. Together they must stop the Nazis from recovering the power of eternal life and taking over the world!"
68,69,Infernal Affairs,10775,Infernal Affairs,"['Media Asia Films', 'Basic Pictures']","['Drama', 'Action', 'Thriller', 'Crime', 'Mystery']",28.024,7.8,"Chan Wing Yan, a young police officer, has been sent undercover as a mole in the local mafia. Lau Kin Ming, a young mafia member, infiltrates the police force. Years later, their older counterparts, Chen Wing Yan and Inspector Lau Kin Ming, respectively, race against time to expose the mole within their midst."
69,70,Inglourious Basterds,16869,Inglourious Basterds,"['The Weinstein Company', 'A Band Apart', 'Zehnte Babelsberg Film']","['Drama', 'Thriller', 'War']",75.805,8.2,"In Nazi-occupied France during World War II, a group of Jewish-American soldiers known as ""The Basterds"" are chosen specifically to spread fear throughout the Third Reich by scalping and brutally killing Nazis. The Basterds, lead by Lt. Aldo Raine soon cross paths with a French-Jewish teenage girl who runs a movie theater in Paris which is targeted by the soldiers."
70,71,Into the Wild,5915,Into the Wild,"['River Road Entertainment', 'Paramount Vantage', 'The Linson Company', 'Square One C.I.H.']","['Adventure', 'Drama']",33.469,7.8,"After graduating from Emory University in 1992, top student and athlete Christopher McCandless abandons his possessions, gives his entire $24,000 savings account to charity, and hitchhikes to Alaska to live in the wilderness."
71,72,Intouchables,77338,The Intouchables,"['Gaumont', 'Quad Productions', 'Chaocorp', 'Ten Films', 'TF1 Films Production']","['Drama', 'Comedy']",53.475,8.277,A true story of two men who should never have met – a quadriplegic aristocrat who was injured in a paragliding accident and a young man from the projects.
72,73,It Happened One Night,3078,It Happened One Night,['Columbia Pictures'],"['Comedy', 'Romance']",25.14,7.8,A rogue reporter trailing a runaway heiress for a big story joins her on a bus heading from Florida to New York and they end up stuck with each other when the bus leaves them behind at one of the stops along the way.
73,74,It's a Wonderful Life,1585,It's a Wonderful Life,['Liberty Films'],"['Drama', 'Family', 'Fantasy']",56.403,8.275,"A holiday favourite for generations...  George Bailey has spent his entire life giving to the people of Bedford Falls.  All that prevents rich skinflint Mr. Potter from taking over the entire town is George's modest building and loan company.  But on Christmas Eve the business's $8,000 is lost and George's troubles begin."
74,75,Jagten,103663,The Hunt,"['Zentropa International Sweden', 'Zentropa Entertainments', 'Film i Väst']",['Drama'],36.901,8.1,"A teacher lives a lonely life, all the while struggling over his son’s custody. His life slowly gets better as he finds love and receives good news from his son, but his new luck is about to be brutally shattered by an innocent little lie."
75,76,Jaws,578,Jaws,"['Zanuck/Brown Productions', 'Universal Pictures']","['Horror', 'Thriller', 'Adventure']",111.972,7.664,"When the seaside community of Amity finds itself under attack by a dangerous great white shark, the town's chief of police, a young marine biologist, and a grizzled hunter embark on a desperate quest to destroy the beast before it strikes again."
76,77,Jurassic Park,329,Jurassic Park,"['Universal Pictures', 'Amblin Entertainment']","['Adventure', 'Science Fiction']",40.956,7.952,"A wealthy entrepreneur secretly creates a theme park featuring living dinosaurs drawn from prehistoric DNA. Before opening day, he invites a team of experts and his two eager grandchildren to experience the park and help calm anxious investors. However, the park is anything but amusing as the security systems go off-line and the dinosaurs escape."
77,78,Kaze no tani no Naushika,81,Nausicaä of the Valley of the Wind,['Topcraft'],"['Adventure', 'Animation', 'Fantasy']",41.072,7.9,"After a global war, the seaside kingdom known as the Valley of the Wind remains one of the last strongholds on Earth untouched by a poisonous jungle and the powerful insects that guard it. Led by the courageous Princess Nausicaä, the people of the Valley engage in an epic struggle to restore the bond between humanity and Earth."
78,79,Kill Bill: Vol. 1,24,Kill Bill: Vol. 1,"['Miramax', 'A Band Apart', 'Super Cool ManChu']","['Action', 'Crime']",74.854,8.0,"An assassin is shot by her ruthless employer, Bill, and other members of their assassination circle – but she lives to plot her vengeance."
79,80,L.A. Confidential,2118,L.A. Confidential,"['Regency Enterprises', 'Warner Bros. Pictures', 'Wolper Organization']","['Crime', 'Mystery', 'Thriller']",31.72,7.8,Three detectives in the corrupt and brutal L.A. police force of the 1950s use differing methods to uncover a conspiracy behind the shotgun slayings of the patrons at an all-night diner.
80,81,Lawrence of Arabia,947,Lawrence of Arabia,['Horizon Pictures'],"['Adventure', 'History', 'War']",83.458,8.0,"The story of British officer T.E. Lawrence's mission to aid the Arab tribes in their revolt against the Ottoman Empire during the First World War. Lawrence becomes a flamboyant, messianic figure in the cause of Arab unity but his psychological instability threatens to undermine his achievements."
81,82,Life of Pi,87827,Life of Pi,"['Fox 2000 Pictures', 'Dune Entertainment', 'Ingenious Media', 'Haishang Films', 'Netter Productions', 'India Take One', 'Ingenious Film Partners', 'Big Screen Productions']","['Adventure', 'Drama']",45.064,7.4,"The story of an Indian boy named Pi, a zookeeper's son who finds himself in the company of a hyena, zebra, orangutan, and a Bengal tiger after a shipwreck sets them adrift in the Pacific Ocean."
82,83,"Lock, Stock and Two Smoking Barrels",100,"Lock, Stock and Two Smoking Barrels","['Summit Entertainment', 'The Steve Tisch Company', 'SKA Films', 'PolyGram Filmed Entertainment', 'Handmade Films']","['Comedy', 'Crime']",23.869,8.1,A card shark and his unwillingly-enlisted friends need to make a lot of cash quick after losing a sketchy poker match. To do this they decide to pull a heist on a small-time gang who happen to be operating out of the flat next door.
83,84,M,832,M,['Nero-Film AG'],"['Drama', 'Thriller', 'Crime']",29.537,8.1,"In this classic German thriller, Hans Beckert, a serial killer who preys on children, becomes the focus of a massive Berlin police manhunt. Beckert's heinous crimes are so repellant and disruptive to city life that he is even targeted by others in the seedy underworld network. With both cops and criminals in pursuit, the murderer soon realizes that people are on his trail, sending him into a tense, panicked attempt to escape justice."
84,85,Mary and Max,24238,Mary and Max,['Melodrama Pictures'],"['Animation', 'Comedy', 'Drama']",59.889,7.8,"A tale of friendship between two unlikely pen pals: Mary, a lonely, eight-year-old girl living in the suburbs of Melbourne, and Max, a forty-four-year old, severely obese man living in New York."
85,86,Memento,77,Memento,"['Newmarket Films', 'Summit Entertainment', 'Team Todd', 'I Remember Productions']","['Mystery', 'Thriller']",35.233,8.2,"Leonard Shelby is tracking down the man who raped and murdered his wife. The difficulty of locating his wife's killer, however, is compounded by the fact that he suffers from a rare, untreatable form of short-term memory loss. Although he can recall details of life before his accident, Leonard cannot remember what happened fifteen minutes ago, where he's going, or why."
86,87,Metropolis,19,Metropolis,['UFA'],"['Drama', 'Science Fiction']",31.635,8.1,"In a futuristic city sharply divided between the rich and the poor, the son of the city's mastermind meets a prophet who predicts the coming of a savior to mediate their differences."
87,88,Million Dollar Baby,70,Million Dollar Baby,"['Lakeshore Entertainment', 'Malpaso Productions', 'Epsilon Motion Pictures', 'ASR Productions', 'Warner Bros. Pictures']",['Drama'],34.106,7.955,"Despondent over a painful estrangement from his daughter, trainer Frankie Dunn isn't prepared for boxer Maggie Fitzgerald to enter his life. But Maggie's determined to go pro and to convince Dunn and his cohort to help her."
88,89,Modern Times,3082,Modern Times,['Charles Chaplin Productions'],"['Comedy', 'Drama', 'Romance']",26.608,8.293,"A bumbling tramp desires to build a home with a young woman, yet is thwarted time and time again by his lack of experience and habit of being in the wrong place at the wrong time.."
89,90,Mononoke-hime,128,Princess Mononoke,"['Studio Ghibli', 'Nibariki', 'dentsu Music And Entertainment', 'TNDG', 'Tokuma Shoten', 'Nippon Television Network Corporation', 'dentsu']","['Adventure', 'Fantasy', 'Animation']",91.772,8.3,"Ashitaka, a prince of the disappearing Emishi people, is cursed by a demonized boar god and must journey to the west to find a cure. Along the way, he encounters San, a young human woman fighting to protect the forest, and Lady Eboshi, who is trying to destroy it. Ashitaka must find a way to bring balance to this conflict."
90,91,"Monsters, Inc.",585,"Monsters, Inc.",['Pixar'],"['Animation', 'Comedy', 'Family']",246.932,7.8,"Lovable Sulley and his wisecracking sidekick Mike Wazowski are the top scare team at Monsters, Inc., the scream-processing factory in Monstropolis. When a little girl named Boo wanders into their world, it's the monsters who are scared silly, and it's up to Sulley and Mike to keep her out of sight and get her back home."
91,92,Monty Python and the Holy Grail,762,Monty Python and the Holy Grail,"['Python (Monty) Pictures Limited', 'Michael White Productions', 'National Film Trustee Company']","['Adventure', 'Comedy', 'Fantasy']",33.031,7.8,"King Arthur, accompanied by his squire, recruits his Knights of the Round Table, including Sir Bedevere the Wise, Sir Lancelot the Brave, Sir Robin the Not-Quite-So-Brave-As-Sir-Lancelot and Sir Galahad the Pure. On the way, Arthur battles the Black Knight who, despite having had all his limbs chopped off, insists he can still fight. They reach Camelot, but Arthur decides not  to enter, as ""it is a silly place""."
92,93,Monty Python's Life of Brian,583,Life of Brian,"['Handmade Films', 'Python (Monty) Pictures Limited']",['Comedy'],54.44,7.8,"Brian Cohen is an average young Jewish man, but through a series of ridiculous events, he gains a reputation as the Messiah. When he's not dodging his followers or being scolded by his shrill mother, the hapless Brian has to contend with the pompous Pontius Pilate and acronym-obsessed members of a separatist movement. Rife with Monty Python's signature absurdity, the tale finds Brian's life paralleling Biblical lore, albeit with many more laughs."
93,94,Mr. Smith Goes to Washington,3083,Mr. Smith Goes to Washington,['Columbia Pictures'],"['Comedy', 'Drama']",30.23,7.9,"Naive and idealistic Jefferson Smith, leader of the Boy Rangers, is appointed to the United States Senate by the puppet governor of his state. He soon discovers, upon going to Washington, many shortcomings of the political process as his earnest goal of a national boys' camp leads to a conflict with the state political boss."
94,95,Mystic River,322,Mystic River,"['Warner Bros. Pictures', 'Village Roadshow Pictures', 'NPV Entertainment', 'Malpaso Productions']","['Thriller', 'Crime', 'Drama', 'Mystery']",67.077,7.7,The lives of three men who were childhood friends are shattered when one of them suffers a family tragedy.
95,96,Network,10774,Network,['Metro-Goldwyn-Mayer'],['Drama'],21.412,7.8,"When veteran anchorman Howard Beale is forced to retire his 25-year post because of his age, he announces to viewers that he will kill himself during his farewell broadcast. Network executives rethink their decision when his fanatical tirade results in a spike in ratings."
96,97,No Country for Old Men,6977,No Country for Old Men,"['Miramax', 'Paramount Vantage', 'Scott Rudin Productions', 'Mike Zoss Productions']","['Crime', 'Drama', 'Thriller']",59.051,7.9,"Llewelyn Moss stumbles upon dead bodies, $2 million and a hoard of heroin in a Texas desert, but methodical killer Anton Chigurh comes looking for it, with local sheriff Ed Tom Bell hot on his trail. The roles of prey and predator blur as the violent pursuit of money and justice collide."
97,98,North by Northwest,213,North by Northwest,['Metro-Goldwyn-Mayer'],"['Thriller', 'Adventure']",28.662,7.983,"Advertising man Roger Thornhill is mistaken for a spy, triggering a deadly cross-country chase."
98,99,Notorious,303,Notorious,"['RKO Radio Pictures', 'Vanguard Films']","['Thriller', 'Romance', 'Mystery']",26.682,7.7,"In order to help bring Nazis to justice, U.S. government agent T.R. Devlin recruits Alicia Huberman, the American daughter of a convicted German war criminal, as a spy. As they begin to fall for one another, Alicia is instructed to win the affections of Alexander Sebastian, a Nazi hiding out in Brazil. When Sebastian becomes serious about his relationship with Alicia, the stakes get higher, and Devlin must watch her slip further undercover."
99,100,Nuovo Cinema Paradiso,11216,Cinema Paradiso,"['RAI', 'Tre Forum', 'Les Films Ariane', 'TF1 Films Production']","['Drama', 'Romance']",58.125,8.4,"A filmmaker recalls his childhood, when he fell in love with the movies at his village's theater and formed a deep friendship with the theater's projectionist."
100,101,On the Waterfront,654,On the Waterfront,"['Columbia Pictures', 'Horizon Pictures']","['Crime', 'Drama', 'Romance']",25.488,7.924,"Terry Malloy is a kindhearted dockworker, and former boxer, who is tricked by his corrupt bosses into leading his friend to death. After falling in love, he tries to leave the waterfront and expose his employers."
101,102,Once Upon a Time in America,311,Once Upon a Time in America,"['The Ladd Company', 'Embassy International Pictures', 'Rafran Cinematografica', 'PSO', 'Warner Bros. Pictures']","['Drama', 'Crime']",60.848,8.413,"A former Prohibition-era Jewish gangster returns to the Lower East Side of Manhattan over thirty years later, where he once again must confront the ghosts and regrets of his old life."
102,103,One Flew Over the Cuckoo's Nest,510,One Flew Over the Cuckoo's Nest,"['Fantasy Films', 'United Artists']",['Drama'],62.143,8.4,"A petty criminal fakes insanity to serve his sentence in a mental ward rather than prison. He soon finds himself as a leader to the other patients—and an enemy to the cruel, domineering nurse who runs the ward."
103,104,Papillon,5924,Papillon,"['Allied Artists Pictures', 'Solar Productions', 'Corona-General']","['Crime', 'Drama']",43.988,7.8,"A man befriends a fellow criminal as the two of them begin serving their sentence on a dreadful prison island, which inspires the man to plot his escape."
104,105,Paths of Glory,975,Paths of Glory,"['Bryna Productions', 'United Artists', 'Harris-Kubrick Productions']","['War', 'Drama', 'History']",40.842,8.3,A commanding officer defends three scapegoats on trial for a failed offensive that occurred within the French Army in 1916.
105,106,Per un pugno di dollari,391,A Fistful of Dollars,"['Jolly Film', 'Ocean Films', 'Constantin Film']",['Western'],41.978,7.8,"The Man With No Name enters the Mexican village of San Miguel in the midst of a power struggle among the three Rojo brothers and sheriff John Baxter. When a regiment of Mexican soldiers bearing gold intended to pay for new weapons is waylaid by the Rojo brothers, the stranger inserts himself into the middle of the long-simmering battle, selling false information to both sides for his own benefit."
106,107,Persona,797,Persona,['SF Studios'],['Drama'],24.612,8.2,"A young nurse, Alma, is put in charge of Elisabeth Vogler: an actress who is seemingly healthy in all respects, but will not talk. As they spend time together, Alma speaks to Elisabeth constantly, never receiving any answer."
107,108,Pirates of the Caribbean: The Curse of the Black Pearl,22,Pirates of the Caribbean: The Curse of the Black Pearl,"['Walt Disney Pictures', 'Jerry Bruckheimer Films']","['Adventure', 'Fantasy', 'Action']",163.432,7.806,"After Port Royal is attacked and pillaged by a mysterious pirate crew, capturing the governor's daughter Elizabeth Swann in the process, William Turner asks free-willing pirate Jack Sparrow to help him locate the crew's ship—The Black Pearl—so that he can rescue the woman he loves."
108,109,Platoon,792,Platoon,"['Hemdale Film Corporation', 'Cinema 86', 'Cinema 84', 'Orion Pictures', 'Orion']","['Drama', 'War', 'Action']",40.329,7.741,"As a young and naive recruit in Vietnam, Chris Taylor faces a moral crisis when confronted with the horrors of war and the duality of man."
109,110,Psycho,539,Psycho,['Shamley Productions'],"['Horror', 'Thriller', 'Mystery']",64.712,8.4,"When larcenous real estate clerk Marion Crane goes on the lam with a wad of cash and hopes of starting a new life, she ends up at the notorious Bates Motel, where manager Norman Bates cares for his housebound mother."
110,111,Pulp Fiction,680,Pulp Fiction,"['Miramax', 'A Band Apart', 'Jersey Films']","['Thriller', 'Crime']",193.234,8.5,"A burger-loving hit man, his philosophical partner, a drug-addled gangster's moll and a washed-up boxer converge in this sprawling, comedic crime caper. Their adventures unfurl in three stories that ingeniously trip back and forth in time."
111,112,Raging Bull,1578,Raging Bull,"['United Artists', 'Chartoff-Winkler Productions']",['Drama'],24.538,7.932,"The life of boxer Jake LaMotta, whose violence and temper that led him to the top in the ring destroyed his life outside of it."
112,113,Raiders of the Lost Ark,85,Raiders of the Lost Ark,"['Paramount Pictures', 'Lucasfilm Ltd.']","['Adventure', 'Action']",78.037,7.927,"When Dr. Indiana Jones – the tweed-suited professor who just happens to be a celebrated archaeologist – is hired by the government to locate the legendary Ark of the Covenant, he finds himself up against the entire Nazi regime."
113,114,Rain Man,380,Rain Man,"['United Artists', 'Star Partners II Ltd.', 'Guber/Peters Company']",['Drama'],40.84,7.8,"When car dealer Charlie Babbitt learns that his estranged father has died, he returns home to Cincinnati, where he discovers that he has a savant older brother named Raymond and that his father's $3 million fortune is being left to the mental institution in which Raymond lives. Motivated by his father's money, Charlie checks Raymond out of the facility in order to return with him to Los Angeles. The brothers' cross-country trip ends up changing both their lives."
114,115,Ran,11645,Ran,"['Nippon Herald Films', 'Greenwich Film Production', 'Herald Ace', 'TOHO']","['Action', 'Drama', 'History']",21.431,8.1,"With Ran, legendary director Akira Kurosawa reimagines Shakespeare's King Lear as a singular historical epic set in sixteenth-century Japan. Majestic in scope, the film is Kurosawa's late-life masterpiece, a profound examination of the folly of war and the crumbling of one family under the weight of betrayal, greed, and the insatiable thirst for power."
115,116,Ratatouille,2062,Ratatouille,"['Pixar', 'Walt Disney Pictures']","['Animation', 'Comedy', 'Family', 'Fantasy']",127.441,7.8,"Remy, a resident of Paris, appreciates good food and has quite a sophisticated palate. He would love to become a chef so he can create and enjoy culinary masterpieces to his heart's delight. The only problem is, Remy is a rat. When he winds up in the sewer beneath one of Paris' finest restaurants, the rodent gourmet finds himself ideally placed to realize his dream."
116,117,Rear Window,567,Rear Window,"['Paramount Pictures', 'Patron Inc.']","['Thriller', 'Mystery']",36.349,8.4,A wheelchair-bound photographer spies on his neighbors from his apartment window and becomes convinced one of them has committed murder.
117,118,Rebecca,223,Rebecca,['Selznick International Pictures'],"['Mystery', 'Romance', 'Thriller', 'Drama']",19.924,7.9,"Story of a young woman who marries a fascinating widower only to find out that she must live in the shadow of his former wife, Rebecca, who died mysteriously several years earlier. The young wife must come to grips with the terrible secret of her handsome, cold husband, Max De Winter. She must also deal with the jealous, obsessed Mrs. Danvers, the housekeeper, who will not accept her as the mistress of the house."
118,119,Requiem for a Dream,641,Requiem for a Dream,"['Artisan Entertainment', 'Thousand Words', 'Protozoa Pictures']","['Crime', 'Drama']",21.938,8.019,The drug-induced utopias of four Coney Island residents are shattered when their addictions run deep.
119,120,Reservoir Dogs,500,Reservoir Dogs,"['Live Entertainment', 'Dog Eat Dog Productions']","['Crime', 'Thriller']",69.261,8.123,"A botched robbery indicates a police informant, and the pressure mounts in the aftermath at a warehouse. Crime begets violence as the survivors -- veteran Mr. White, newcomer Mr. Orange, psychopathic parolee Mr. Blonde, bickering weasel Mr. Pink and Nice Guy Eddie -- unravel."
120,121,Rocky,1366,Rocky,['Winkler Films'],['Drama'],69.177,7.8,An uneducated collector for a Philadelphia loan shark is given a once-in-a-lifetime opportunity to fight against the world heavyweight boxing champion.
121,122,Roman Holiday,804,Roman Holiday,['Paramount Pictures'],"['Romance', 'Comedy', 'Drama']",34.775,7.9,"Overwhelmed by her suffocating schedule, touring European princess Ann takes off for a night while in Rome. When a sedative she took from her doctor kicks in, however, she falls asleep on a park bench and is found by an American reporter, Joe Bradley, who takes her back to his apartment for safety. At work the next morning, Joe finds out Ann's regal identity and bets his editor he can get exclusive interview with her, but romance soon gets in the way."
122,123,Rope,1580,Rope,['Transatlantic Pictures'],"['Thriller', 'Crime', 'Drama']",21.272,7.9,Two longtime friends attempt to prove that they committed the perfect murder by hosting a dinner party with the family of a classmate they just strangled to death.
123,124,Rosemary's Baby,805,Rosemary's Baby,['William Castle Productions'],"['Drama', 'Horror', 'Thriller']",40.584,7.83,"A young couple, Rosemary and Guy, moves into an infamous New York apartment building, known by frightening legends and mysterious events, with the purpose of starting a family."
124,125,Saving Private Ryan,857,Saving Private Ryan,"['DreamWorks Pictures', 'Paramount Pictures', 'Amblin Entertainment', 'Mutual Film Company']","['Drama', 'History', 'War']",91.024,8.2,"As U.S. troops storm the beaches of Normandy, three brothers lie dead on the battlefield, with a fourth trapped behind enemy lines. Ranger captain John Miller and seven men are tasked with penetrating German-held territory and bringing the boy home."
125,126,Scarface,111,Scarface,"['Universal Pictures', 'Martin Bregman Productions']","['Action', 'Crime', 'Drama']",123.01,8.165,"After getting a green card in exchange for assassinating a Cuban government official, Tony Montana stakes a claim on the drug trade in Miami. Viciously murdering anyone who stands in his way, Tony eventually becomes the biggest drug lord in the state, controlling nearly all the cocaine that comes through Miami. But increased pressure from the police, wars with Colombian drug cartels and his own drug-fueled paranoia serve to fuel the flames of his eventual downfall."
126,127,Schindler's List,424,Schindler's List,['Amblin Entertainment'],"['Drama', 'History', 'War']",82.748,8.6,The true story of how businessman Oskar Schindler saved over a thousand Jewish lives from the Nazis while they worked as slaves in his factory during World War II.
127,128,Se7en,807,Se7en,"['New Line Cinema', 'Juno Pix', 'Cecchi Gori Pictures']","['Crime', 'Mystery', 'Thriller']",79.014,8.4,"Two homicide detectives are on a desperate hunt for a serial killer whose crimes are based on the ""seven deadly sins"" in this dark and haunting film that takes viewers from the tortured remains of one victim to the next. The seasoned Det. Sommerset researches each sin in an effort to get inside the killer's mind, while his novice partner, Mills, scoffs at his efforts to unravel the case."
128,129,Shutter Island,11324,Shutter Island,"['Paramount Pictures', 'Phoenix Pictures', 'Sikelia Productions', 'Appian Way']","['Drama', 'Thriller', 'Mystery']",117.525,8.203,"World War II soldier-turned-U.S. Marshal Teddy Daniels investigates the disappearance of a patient from a hospital for the criminally insane, but his efforts are compromised by troubling visions and a mysterious doctor."
129,130,Sin City,187,Sin City,"['Dimension Films', 'Troublemaker Studios', 'Miramax']","['Thriller', 'Action', 'Crime']",37.41,7.457,"Welcome to Sin City. This town beckons to the tough, the corrupt, the brokenhearted. Some call it dark… Hard-boiled. Then there are those who call it home — Crooked cops, sexy dames, desperate vigilantes. Some are seeking revenge, others lust after redemption, and then there are those hoping for a little of both. A universe of unlikely and reluctant heroes still trying to do the right thing in a city that refuses to care."
130,131,Singin' in the Rain,872,Singin' in the Rain,['Metro-Goldwyn-Mayer'],"['Comedy', 'Romance']",34.343,8.2,"In 1927 Hollywood, a silent film production company and cast make a difficult transition to sound."
131,132,Sleuth,993,Sleuth,['Palomar Pictures International'],"['Thriller', 'Mystery', 'Crime', 'Comedy']",14.675,7.7,A mystery novelist devises an insurance scam with his wife's lover – but things aren't exactly as they seem.  Preserved by the Academy Film Archive in 2012.
132,133,Slumdog Millionaire,12405,Slumdog Millionaire,"['Celador Films', 'Film4 Productions']","['Drama', 'Romance']",36.084,7.732,"A teenager reflects on his life after being accused of cheating on the Indian version of ""Who Wants to be a Millionaire?""."
133,134,Snatch,107,Snatch,"['SKA Films', 'Columbia Pictures', 'Screen Gems']","['Crime', 'Comedy']",51.175,7.8,"Unscrupulous boxing promoters, violent bookmakers, a Russian gangster, incompetent amateur robbers and supposedly Jewish jewelers fight to track down a priceless stolen diamond."
134,135,Some Like It Hot,239,Some Like It Hot,['The Mirisch Company'],"['Comedy', 'Romance', 'Crime']",44.834,8.1,"Two musicians witness a mob hit and struggle to find a way out of the city before they are found by the gangsters. Their only opportunity is to join an all-girl band as they leave on a tour. To make their getaway they must first disguise themselves as women, then keep their identities secret and deal with the problems this brings - such as an attractive bandmate and a very determined suitor."
135,136,Stand by Me,235,Stand by Me,"['Columbia Pictures', 'Act III Productions']","['Crime', 'Drama']",48.644,7.9,"After learning that a boy their age has been accidentally killed near their rural homes, four Oregon boys decide to go see the body. On the way, Gordie,  Vern, Chris and Teddy encounter a mean junk man and a marsh full of leeches, as they also learn more about one another and their very different home lives. Just a lark at first, the boys' adventure evolves into a defining event in their lives."
136,137,Star Trek,13475,Star Trek,"['Paramount Pictures', 'Spyglass Entertainment', 'Bad Robot']","['Science Fiction', 'Action', 'Adventure']",64.523,7.4,"The fate of the galaxy rests in the hands of bitter rivals. One, James Kirk, is a delinquent, thrill-seeking Iowa farm boy. The other, Spock, a Vulcan, was raised in a logic-based society that rejects all emotion. As fiery instinct clashes with calm reason, their unlikely but powerful partnership is the only thing capable of leading their crew through unimaginable danger, boldly going where no one has gone before. The human adventure has begun again."
137,138,Star Wars: Episode VI - Return of the Jedi,1892,Return of the Jedi,['Lucasfilm Ltd.'],"['Adventure', 'Action', 'Science Fiction']",39.271,7.9,"Luke Skywalker leads a mission to rescue his friend Han Solo from the clutches of Jabba the Hutt, while the Emperor seeks to destroy the Rebellion once and for all with a second dreaded Death Star."
138,139,Strangers on a Train,845,Strangers on a Train,['Warner Bros. Pictures'],"['Crime', 'Thriller']",63.518,7.7,"Having met on a train, a smooth-talking psychotic socialite shares his theory on how two complete strangers can get away with murder to an amateur tennis player — a theory he plans to test out."
139,140,Sunset Boulevard,599,Sunset Boulevard,['Paramount Pictures'],['Drama'],33.365,8.3,A hack screenwriter writes a screenplay for a former silent film star who has faded into Hollywood obscurity.
140,141,Taare Zameen Par,7508,Like Stars on Earth,"['Aamir Khan Productions', 'PVR Inox Pictures', 'UTV Motion Pictures']",['Drama'],35.861,8.0,"Ishaan Awasthi is an eight-year-old whose world is filled with wonders that no one else seems to appreciate. Colours, fish, dogs, and kites don't seem important to the adults, who are much more interested in things like homework, marks, and neatness. Ishaan cannot seem to get anything right in class; he is then sent to boarding school, where his life changes forever."
141,142,Taxi Driver,103,Taxi Driver,"['Italo/Judeo Productions', 'Bill/Phillips', 'Columbia Pictures']","['Crime', 'Drama']",74.747,8.142,A mentally unstable Vietnam War veteran works as a night-time taxi driver in New York City where the perceived decadence and sleaze feed his urge for violent action.
142,143,Terminator 2: Judgment Day,280,Terminator 2: Judgment Day,"['Carolco Pictures', 'Pacific Western', 'Lightstorm Entertainment', 'Le Studio Canal+']","['Action', 'Thriller', 'Science Fiction']",75.084,8.119,"Set ten years after the events of the original, James Cameron’s classic sci-fi action flick tells the story of a second attempt to get the rid of rebellion leader John Connor, this time targeting the boy himself. However, the rebellion has sent a reprogrammed terminator to protect Connor."
143,144,The Apartment,284,The Apartment,"['The Mirisch Company', 'United Artists']","['Comedy', 'Drama', 'Romance']",26.598,8.2,"Bud Baxter is a minor clerk in a huge New York insurance company, until he discovers a quick way to climb the corporate ladder. He lends out his apartment to the executives as a place to take their mistresses. Although he often has to deal with the aftermath of their visits, one night he's left with a major problem to solve."
144,145,The Artist,74643,The Artist,"['uFilm', 'La Petite Reine', 'Studio 37', 'La Classe américaine', 'JD Prod', 'France 3 Cinéma', 'Jouror Productions']","['Drama', 'Comedy', 'Romance']",14.212,7.454,"Hollywood, 1927: As silent movie star George Valentin wonders if the arrival of talking pictures will cause him to fade into oblivion, he sparks with Peppy Miller, a young dancer set for a big break."
145,146,The Avengers,24428,The Avengers,['Marvel Studios'],"['Science Fiction', 'Action', 'Adventure']",176.955,7.719,"When an unexpected enemy emerges and threatens global safety and security, Nick Fury, director of the international peacekeeping agency known as S.H.I.E.L.D., finds himself in need of a team to pull the world back from the brink of disaster. Spanning the globe, a daring recruitment effort begins!"
146,147,The Best Years of Our Lives,887,The Best Years of Our Lives,"['Samuel Goldwyn Productions', 'RKO Radio Pictures', 'Samuel Goldwyn Company']","['Drama', 'Romance', 'War']",17.252,7.783,"It's the hope that sustains the spirit of every GI: the dream of the day when he will finally return home. For three WWII veterans, the day has arrived. But for each man, the dream is about to become a nightmare."
147,148,The Big Lebowski,115,The Big Lebowski,"['PolyGram Filmed Entertainment', 'Working Title Films', 'Gramercy Pictures']","['Comedy', 'Crime']",62.672,7.8,"Jeffrey 'The Dude' Lebowski, a Los Angeles slacker who only wants to bowl and drink White Russians, is mistaken for another Jeffrey Lebowski, a wheelchair-bound millionaire, and finds himself dragged into a strange series of events involving nihilists, adult film producers, ferrets, errant toes, and large sums of money."
148,149,The Big Sleep,910,The Big Sleep,['Warner Bros. Pictures'],"['Mystery', 'Crime', 'Thriller']",27.341,7.6,"Private Investigator Philip Marlowe is hired by wealthy General Sternwood regarding a matter involving his youngest daughter Carmen. Before the complex case is over, Marlowe sees murder, blackmail, deception, and what might be love."
149,150,The Bourne Ultimatum,2503,The Bourne Ultimatum,"['Universal Pictures', 'The Kennedy/Marshall Company', 'Ludlum Entertainment', 'Motion Picture BETA Produktionsgesellschaft', 'Bourne Again', 'KanZaman Services', 'Peninsula Films', 'Studio Babelsberg']","['Action', 'Drama', 'Mystery', 'Thriller']",50.313,7.43,"Bourne is brought out of hiding once again by reporter Simon Ross who is trying to unveil Operation Blackbriar, an upgrade to Project Treadstone, in a series of newspaper columns. Information from the reporter stirs a new set of memories, and Bourne must finally uncover his dark past while dodging The Company's best efforts to eradicate him."
150,151,The Bridge on the River Kwai,826,The Bridge on the River Kwai,['Horizon Pictures'],"['Drama', 'History', 'War']",39.5,7.8,"The classic story of English POWs in Burma forced to build a bridge to aid the war effort of their Japanese captors. British and American intelligence officers conspire to blow up the structure, but Col. Nicholson, the commander who supervised the bridge's construction, has acquired a sense of pride in his creation and tries to foil their plans."
151,152,The Dark Knight,155,The Dark Knight,"['DC', 'Legendary Pictures', 'Syncopy', 'Isobel Griffiths', 'Warner Bros. Pictures']","['Drama', 'Action', 'Crime', 'Thriller']",160.102,8.515,"Batman raises the stakes in his war on crime. With the help of Lt. Jim Gordon and District Attorney Harvey Dent, Batman sets out to dismantle the remaining criminal organizations that plague the streets. The partnership proves to be effective, but they soon find themselves prey to a reign of chaos unleashed by a rising criminal mastermind known to the terrified citizens of Gotham as the Joker."
152,153,The Deer Hunter,11778,The Deer Hunter,"['Universal Pictures', 'EMI Films']","['Drama', 'War']",30.217,8.003,"A group of working-class friends decide to enlist in the Army during the Vietnam War and finds it to be hellish chaos -- not the noble venture they imagined. Before they left, Steven married his pregnant girlfriend -- and Michael and Nick were in love with the same woman. But all three are different men upon their return."
153,154,The Departed,1422,The Departed,"['Warner Bros. Pictures', 'Plan B Entertainment', 'Initial Entertainment Group', 'Vertigo Entertainment', 'Media Asia Films']","['Drama', 'Thriller', 'Crime']",59.129,8.2,"To take down South Boston's Irish Mafia, the police send in one of their own to infiltrate the underworld, not realizing the syndicate has done likewise. While an undercover cop curries favor with the mob kingpin, a career criminal rises through the police ranks. But both sides soon discover there's a mole among them."
154,155,The Elephant Man,1955,The Elephant Man,"['Brooksfilms', 'Paramount Pictures']","['Drama', 'History']",32.155,8.034,"A Victorian surgeon rescues a heavily disfigured man being mistreated by his ""owner"" as a side-show freak. Behind his monstrous façade, there is revealed a person of great intelligence and sensitivity. Based on the true story of Joseph Merrick (called John Merrick in the film), a severely deformed man in 19th century London."
155,156,The Exorcist,9552,The Exorcist,"['Hoya Productions', 'Warner Bros. Pictures']","['Horror', 'Drama']",142.213,7.7,"When a charming 12-year-old girl takes on the characteristics and voices of others, doctors say there is nothing they can do. As people begin to die, the girl's mother realizes her daughter has been possessed by the devil--and that her daughter's only possible hope lies with two priests and the ancient rite of demonic exorcism."
156,157,The General,961,The General,"['Joseph M. Schenck Productions', 'Buster Keaton Productions']","['Comedy', 'Action', 'Adventure', 'War']",27.675,7.964,"During America’s Civil War, Union spies steal engineer Johnny Gray's beloved locomotive, 'The General'—with Johnnie's lady love aboard an attached boxcar—and he single-handedly must do all in his power to both get The General back and to rescue Annabelle."
157,158,The Godfather,238,The Godfather,"['Paramount Pictures', 'Alfran Productions']","['Drama', 'Crime']",269.616,8.69,"Spanning the years 1945 to 1955, a chronicle of the fictional Italian-American Corleone crime family. When organized crime family patriarch, Vito Corleone barely survives an attempt on his life, his youngest son, Michael steps in to take care of the would-be killers, launching a campaign of bloody revenge."
158,159,The Gold Rush,962,The Gold Rush,['Charles Chaplin Productions'],"['Adventure', 'Comedy', 'Drama']",15.26,7.995,A gold prospector in Alaska struggles to survive the elements and win the heart of a dance hall girl.
159,160,The Graduate,37247,The Graduate,"['AVCO Embassy Pictures', 'Mike Nichols Productions', 'Lawrence Turman Productions']","['Drama', 'Romance', 'Comedy']",37.511,7.643,"Benjamin, a recent college graduate very worried about his future, finds himself in a love triangle with an older woman and her daughter."
160,161,The Grapes of Wrath,596,The Grapes of Wrath,['20th Century Fox'],['Drama'],17.295,7.8,"Tom Joad returns to his home after a jail sentence to find his family kicked out of their farm due to foreclosure. He catches up with them on his Uncle’s farm, and joins them the next day as they head for California and a new life... Hopefully."
161,162,The Great Dictator,914,The Great Dictator,['Charles Chaplin Productions'],"['Comedy', 'War']",28.841,8.3,Dictator Adenoid Hynkel tries to expand his empire while a poor Jewish barber tries to avoid persecution from Hynkel's regime.
162,163,The Great Escape,5925,The Great Escape,"['The Mirisch Company', 'United Artists']","['Adventure', 'Drama', 'War']",37.095,7.9,"The Nazis, exasperated at the number of escapes from their prison camps by a relatively small number of Allied prisoners, relocate them to a high-security 'escape-proof' camp to sit out the remainder of the war. Undaunted, the prisoners plan one of the most ambitious escape attempts of World War II. Based on a true story."
163,164,The Green Mile,497,The Green Mile,"['Castle Rock Entertainment', 'Darkwoods Productions']","['Fantasy', 'Drama', 'Crime']",157.809,8.507,"A supernatural tale set on death row in a Southern prison, where gentle giant John Coffey possesses the mysterious power to heal people's ailments. When the cell block's head guard, Paul Edgecomb, recognizes Coffey's miraculous gift, he tries desperately to help stave off the condemned man's execution."
164,165,The Hobbit: An Unexpected Journey,49051,The Hobbit: An Unexpected Journey,"['New Line Cinema', 'Metro-Goldwyn-Mayer', 'WingNut Films', 'Warner Bros. Pictures']","['Adventure', 'Fantasy', 'Action']",166.099,7.4,"Bilbo Baggins, a hobbit enjoying his quiet life, is swept into an epic quest by Gandalf the Grey and thirteen dwarves who seek to reclaim their mountain home from Smaug, the dragon."
165,166,The Hustler,990,The Hustler,"['Rossen Films', '20th Century Fox']","['Drama', 'Romance']",20.217,7.677,Fast Eddie Felson is a small-time pool hustler with a lot of talent but a self-destructive attitude. His bravado causes him to challenge the legendary Minnesota Fats to a high-stakes match.
166,167,The Kid,10098,The Kid,['Charles Chaplin Productions'],"['Comedy', 'Drama']",41.679,8.175,A tramp cares for a boy after he's abandoned as a newborn by his mother. Later the mother has a change of heart and aches to be reunited with her son.
167,168,The Killing,247,The Killing,"['United Artists', 'Harris-Kubrick Productions']","['Crime', 'Thriller']",22.056,7.655,"Career criminal Johnny Clay recruits a sharpshooter, a crooked police officer, a bartender and a betting teller named George, among others, for one last job before he goes straight and gets married. But when George tells his restless wife about the scheme to steal millions from the racetrack where he works, she hatches a plot of her own."
168,169,The King's Speech,45269,The King's Speech,"['The Weinstein Company', 'See-Saw Films', 'Bedlam Productions']","['Drama', 'History']",32.538,7.7,"The King's Speech tells the story of the man who became King George VI, the father of Queen Elizabeth II. After his brother abdicates, George ('Bertie') reluctantly assumes the throne. Plagued by a dreaded stutter and considered unfit to be king, Bertie engages the help of an unorthodox speech therapist named Lionel Logue. Through a set of unexpected techniques, and as a result of an unlikely friendship, Bertie is able to find his voice and boldly lead the country into war."
169,170,The Lion King,8587,The Lion King,"['Walt Disney Pictures', 'Walt Disney Feature Animation']","['Family', 'Animation', 'Drama']",127.371,8.3,"A young lion prince is cast out of his pride by his cruel uncle, who claims he killed his father. While the uncle rules with an iron paw, the prince grows up beyond the Savannah, living by a philosophy: No worries for the rest of your days. But when his past comes to haunt him, the young prince must decide his fate: Will he remain an outcast or face his demons and become what he needs to be?"
170,171,The Lord of the Rings: The Two Towers,121,The Lord of the Rings: The Two Towers,"['New Line Cinema', 'WingNut Films', 'The Saul Zaentz Company']","['Adventure', 'Fantasy', 'Action']",141.436,8.4,"Frodo Baggins and the other members of the Fellowship continue on their sacred quest to destroy the One Ring--but on separate paths. Their destinies lie at two towers--Orthanc Tower in Isengard, where the corrupt wizard Saruman awaits, and Sauron's fortress at Barad-dur, deep within the dark lands of Mordor. Frodo and Sam are trekking to Mordor to destroy the One Ring of Power while Gimli, Legolas and Aragorn search for the orc-captured Merry and Pippin. All along, nefarious wizard Saruman awaits the Fellowship members at the Orthanc Tower in Isengard."
171,172,The Maltese Falcon,963,The Maltese Falcon,['Warner Bros. Pictures'],"['Mystery', 'Crime', 'Thriller']",22.717,7.709,"A private detective takes on a case that involves him with three eccentric criminals, a beautiful liar, and their quest for a priceless statuette."
172,173,The Man Who Shot Liberty Valance,11697,The Man Who Shot Liberty Valance,"['Paramount Pictures', 'John Ford Productions']",['Western'],26.006,7.78,"Questions arise when Senator Stoddard (James Stewart) attends the funeral of a local man named Tom Doniphon (John Wayne) in a small Western town. Flashing back, we learn Doniphon saved Stoddard, then a lawyer, when he was roughed up by a crew of outlaws terrorizing the town, led by Liberty Valance (Lee Marvin). As the territory's safety hung in the balance, Doniphon and Stoddard, two of the only people standing up to him, proved to be very important, but different, foes to Valance."
173,174,The Manchurian Candidate,982,The Manchurian Candidate,"['MC Productions', 'United Artists']","['Thriller', 'Drama']",25.348,7.524,"Near the end of the Korean War, a platoon of U.S. soldiers is captured by communists and brainwashed. Following the war, the platoon is returned home, and Sergeant Raymond Shaw is lauded as a hero by the rest of his platoon. However, the platoon commander, Captain Bennett Marco, finds himself plagued by strange nightmares and soon races to uncover a terrible plot."
174,175,The Matrix,603,The Matrix,"['Village Roadshow Pictures', 'Groucho II Film Partnership', 'Silver Pictures', 'Warner Bros. Pictures']","['Action', 'Science Fiction']",110.9,8.218,"Set in the 22nd century, The Matrix tells the story of a computer hacker who joins a group of underground insurgents fighting the vast and powerful computers who now rule the earth."
175,176,The Night of the Hunter,3112,The Night of the Hunter,"['Paul Gregory Productions', 'United Artists']","['Crime', 'Drama', 'Thriller']",44.461,7.9,"In Depression-era West Virginia, a serial-killing preacher hunts two young children who know the whereabouts of a stash of money."
176,177,The Pianist,423,The Pianist,"['Canal+ Polska', 'Bac Films', 'Heritage Films', 'Studio Babelsberg', 'Agencja Produkcji Filmowej', 'R.P. Productions', 'StudioCanal', 'Canal+', 'TVP', 'Runteam']","['Drama', 'War']",47.528,8.381,"The true story of pianist Władysław Szpilman's experiences in Warsaw during the Nazi occupation. When the Jews of the city find themselves forced into a ghetto, Szpilman finds work playing in a café; and when his family is deported in 1942, he stays behind, works for a while as a laborer, and eventually goes into hiding in the ruins of the war-torn city."
177,178,The Prestige,1124,The Prestige,"['Warner Bros. Pictures', 'Touchstone Pictures', 'Newmarket Films', 'Syncopy']","['Drama', 'Mystery', 'Science Fiction']",114.869,8.2,"A mysterious story of two magicians whose intense rivalry leads them on a life-long battle for supremacy -- full of obsession, deceit and jealousy with dangerous and deadly consequences."
178,179,The Princess Bride,2493,The Princess Bride,"['The Princess Bride Ltd.', 'Buttercup Films Ltd.', 'Act III Productions']","['Adventure', 'Family', 'Fantasy', 'Comedy', 'Romance']",62.065,7.7,"In this enchantingly cracked fairy tale, the beautiful Princess Buttercup and the dashing Westley must overcome staggering odds to find happiness amid six-fingered swordsmen, murderous princes, Sicilians and rodents of unusual size. But even death can't stop these true lovebirds from triumphing."
179,180,The Shawshank Redemption,278,The Shawshank Redemption,['Castle Rock Entertainment'],"['Drama', 'Crime']",230.79,8.707,"Imprisoned in the 1940s for the double murder of his wife and her lover, upstanding banker Andy Dufresne begins a new life at the Shawshank prison, where he puts his accounting skills to work for an amoral warden. During his long stretch in prison, Dufresne comes to be admired by the other inmates -- including an older prisoner named Red -- for his integrity and unquenchable sense of hope."
180,181,The Shining,694,The Shining,"['Warner Bros. Pictures', 'Peregrine', 'Hawk Films', 'The Producer Circle Co.']","['Horror', 'Thriller']",105.437,8.2,"Jack Torrance accepts a caretaker job at the Overlook Hotel, where he, along with his wife Wendy and their son Danny, must live isolated from the rest of the world for the winter. But they aren't prepared for the madness that lurks within."
181,182,The Silence of the Lambs,274,The Silence of the Lambs,"['Orion Pictures', 'Strong Heart']","['Crime', 'Drama', 'Thriller']",17.305,8.3,"Clarice Starling is a top student at the FBI's training academy.  Jack Crawford wants Clarice to interview Dr. Hannibal Lecter, a brilliant psychiatrist who is also a violent psychopath, serving life behind bars for various acts of murder and cannibalism.  Crawford believes that Lecter may have insight into a case and that Starling, as an attractive young woman, may be just the bait to draw him out."
182,183,The Sixth Sense,745,The Sixth Sense,"['Spyglass Entertainment', 'The Kennedy/Marshall Company', 'Hollywood Pictures', 'Barry Mendel Productions']","['Mystery', 'Thriller', 'Drama']",67.614,8.0,"Following an unexpected tragedy, child psychologist Malcolm Crowe meets a nine year old boy named Cole Sear, who is hiding a dark secret."
183,184,The Sting,9277,The Sting,"['Universal Pictures', 'Zanuck/Brown Productions', 'David Brown Productions']","['Comedy', 'Crime', 'Drama']",23.376,8.024,A novice con man teams up with an acknowledged master to avenge the murder of a mutual friend by pulling off the ultimate big con and swindling a fortune from a big-time mobster.
184,185,The Terminator,218,The Terminator,"['Hemdale', 'Pacific Western']","['Action', 'Thriller', 'Science Fiction']",103.024,7.661,"In the post-apocalyptic future, reigning tyrannical supercomputers teleport a cyborg assassin known as the ""Terminator"" back to 1984 to kill Sarah Connor, whose unborn son is destined to lead insurgents against 21st century mechanical hegemony. Meanwhile, the human-resistance movement dispatches a lone warrior to safeguard Sarah. Can he stop the virtually indestructible killing machine?"
185,186,The Thing,1091,The Thing,"['Universal Pictures', 'The Turman-Foster Company']","['Horror', 'Mystery', 'Science Fiction']",66.356,8.1,"In the winter of 1982, a twelve-man research team at a remote Antarctic research station discovers an alien buried in the snow for over 100,000 years. Soon unfrozen, the form-changing creature wreaks havoc, creates terror... and becomes one of them."
186,187,The Third Man,1092,The Third Man,['London Films Productions'],"['Thriller', 'Mystery']",24.307,7.9,"In postwar Vienna, Austria, Holly Martins, a writer of pulp Westerns, arrives penniless as a guest of his childhood chum Harry Lime, only to learn he has died. Martins develops a conspiracy theory after learning of a ""third man"" present at the time of Harry's death, running into interference from British officer Major Calloway, and falling head-over-heels for Harry's grief-stricken lover, Anna."
187,188,The Treasure of the Sierra Madre,3090,The Treasure of the Sierra Madre,['Warner Bros. Pictures'],"['Adventure', 'Drama', 'Western']",27.195,8.0,"Two jobless Americans convince a prospector to travel to the mountains of Mexico with them in search of gold. But the hostile wilderness, local bandits, and greed all get in the way of their journey."
188,189,The Truman Show,37165,The Truman Show,"['Paramount Pictures', 'Scott Rudin Productions']","['Comedy', 'Drama']",81.336,8.144,"Every second of every day, from the moment he was born, for the last thirty years, Truman Burbank has been the unwitting star of the longest running, most popular documentary-soap opera in history. The picture-perfect town of Seahaven that he calls home is actually a gigantic soundstage. Truman's friends and family - everyone he meets, in fact - are actors. He lives every moment under the unblinking gaze of thousands of hidden TV cameras."
189,190,The Untouchables,117,The Untouchables,"['Paramount Pictures', 'The Linson Company']","['Crime', 'History', 'Thriller']",44.131,7.765,"Elliot Ness, an ambitious prohibition agent, is determined to take down Al Capone. In order to achieve this goal, he forms a group given the nickname “The Untouchables”."
190,191,The Usual Suspects,629,The Usual Suspects,"['Bad Hat Harry Productions', 'Blue Parrot Productions']","['Drama', 'Crime', 'Thriller']",46.363,8.2,"Held in an L.A. interrogation room, Verbal Kint attempts to convince the feds that a mythic crime lord, Keyser Soze, not only exists, but was also responsible for drawing him and his four partners into a multi-million dollar heist that ended with an explosion in San Pedro harbor – leaving few survivors. Verbal lures his interrogators with an incredible story of the crime lord's almost supernatural prowess."
191,192,The Wild Bunch,576,The Wild Bunch,['Warner Bros.-Seven Arts'],['Western'],38.427,7.598,"An aging group of outlaws look for one last big score as the ""traditional"" American West is disappearing around them."
192,193,The Wizard of Oz,630,The Wizard of Oz,['Metro-Goldwyn-Mayer'],"['Adventure', 'Fantasy', 'Family']",68.389,7.6,"Young Dorothy finds herself in a magical world where she makes friends with a lion, a scarecrow and a tin man as they make their way along the yellow brick road to talk with the Wizard and ask for the things they miss most in their lives. The Wicked Witch of the West is the only thing that could stop them."
193,194,There Will Be Blood,7345,There Will Be Blood,"['Paramount Vantage', 'Miramax', 'JoAnne Sellar Productions', 'Ghoulardi Film Company']",['Drama'],37.638,8.1,"Ruthless silver miner, turned oil prospector, Daniel Plainview, moves to oil-rich California. Using his son to project a trustworthy, family-man image, Plainview cons local landowners into selling him their valuable properties for a pittance. However, local preacher Eli Sunday suspects Plainview's motives and intentions, starting a slow-burning feud that threatens both their lives."
194,195,To Kill a Mockingbird,595,To Kill a Mockingbird,"['Pakula-Mulligan', 'Brentwood Productions']",['Drama'],35.129,8.0,"Scout Finch, 6, and her older brother Jem live in sleepy Maycomb, Alabama, spending much of their time with their friend Dill and spying on their reclusive and mysterious neighbor, Boo Radley. When Atticus, their widowed father and a respected lawyer, defends a black man named Tom Robinson against fabricated rape charges, the trial and tangent events expose the children to evils of racism and stereotyping."
195,196,Tonari no Totoro,8392,My Neighbor Totoro,"['Studio Ghibli', 'Nibariki', 'Tokuma Shoten']","['Fantasy', 'Animation', 'Family']",75.908,8.1,"Two sisters move to the country with their father in order to be closer to their hospitalized mother, and discover the surrounding trees are inhabited by Totoros, magical spirits of the forest. When the youngest runs away from home, the older sister seeks help from the spirits to find her."
196,197,Touch of Evil,1480,Touch of Evil,['Universal International Pictures'],"['Crime', 'Thriller', 'Mystery']",27.881,7.757,"When a car bomb explodes on the American side of the U.S./Mexico border, Mexican drug enforcement agent Miguel Vargas begins his investigation, along with American police captain Hank Quinlan. When Vargas begins to suspect that Quinlan and his shady partner, Menzies, are planting evidence to frame an innocent man, his investigations into their possible corruption quickly put himself and his new bride, Susie, in jeopardy."
197,198,Toy Story,862,Toy Story,['Pixar'],"['Animation', 'Adventure', 'Family', 'Comedy']",122.612,8.0,"Led by Woody, Andy's toys live happily in his room until Andy's birthday brings Buzz Lightyear onto the scene. Afraid of losing his place in Andy's heart, Woody plots against Buzz. But when circumstances separate Buzz and Woody from their owner, the duo eventually learns to put aside their differences."
198,199,Trainspotting,627,Trainspotting,"['Figment Films', 'Film4 Productions', 'The Noel Gay Motion Picture Company']","['Drama', 'Crime']",41.585,8.0,"Heroin addict Mark Renton stumbles through bad ideas and sobriety attempts with his unreliable friends -- Sick Boy, Begbie, Spud and Tommy. He also has an underage girlfriend, Diane, along for the ride. After cleaning up and moving from Edinburgh to London, Mark finds he can't escape the life he left behind when Begbie shows up at his front door on the lam, and a scheming Sick Boy follows."
199,200,Trois couleurs: Rouge,110,Three Colors: Red,"['MK2 Films', 'France 3 Cinéma', 'CAB Productions', 'Studio Filmowe Tor', 'TSR']","['Drama', 'Mystery', 'Romance']",23.742,7.9,"Part-time model Valentine unexpectedly befriends a retired judge after she runs over his dog. At first, the grumpy man shows no concern about the dog, and Valentine decides to keep it. But the two form a bond when she returns to his house and catches him listening to his neighbors’ phone calls."
